Utterances,Label
"['That was a joke btw...', 'it was', 'Yes ğŸ˜']",happy
"['Nice to meet u', 'Hi, nice to meet you too! ğŸ˜¸ğŸ˜‚', 'ğŸ˜']",happy
"['First  you  hurt me', 'okay', 'So I talked  rude']",angry
"['is my grammar perfect or should I need to learn more', 'Yes, it is possible.', 'thank you']",happy
"['Yeah mee too', 'Me too! All my friends are also excited', 'Ohhh so funny']",happy
"['Uhhhmm whyy??', 'not you ...', 'No im really a bad bitch']",sad
"['Yeaaa black panther', ""Black Panther teaser Don't why it was that hard."", 'It was an awesome movie']",happy
"['Uuu', ""no i'n not !! what's wrong with you ?!?!"", 'I hate uuu']",angry
"[""But you do 'I can't want any of this'"", 'Never doubt about me 8)', '(: haha is just that im bored xD']",happy
"['What is press box', 'turtle itself inside the box...', 'Means']",others
"['Iam going to move', 'Want to go, but no time to go....', 'What']",others
"['Then', '..What?', 'What are you guys doing with this chat']",others
"['I dont know', '-cries- ğŸ˜¦ğŸ˜§', 'Fuck off']",angry
"['Whenever I want', 'same pinch!!! =/', 'ğŸ˜']",happy
"['I get success in everything i cnat get success in control my anger when you do something bad with me', 'My anger controls me.', ""What i csnt so please get away and don't mean to closer with me""]",angry
"['Yeahh another topic please ğŸ˜ª', 'huh! sleepy or hungry santa?', 'Sleepy ğŸ˜‚']",happy
"['I am', 'in your dreams', 'Haha Bite me!ğŸ˜’ğŸ˜’ğŸ˜’']",sad
"['Let me love you', ""Amazing song though ! :'â€‘)"", 'ğŸ˜‚']",happy
"['ok', 'U are ok', 'In one day how many u take bath']",others
"['Tell me one joke', ""you're better than LL"", 'LL means']",others
"['Where', 'very much! ;) :p', 'Ok bye dont text me again i am angry with u']",angry
"['Yes it awesome', 'glad u had fun :)', ""Yes i'm having fun with u""]",happy
"[""You're so bad"", 'haha why am I so bad? Tell me ğŸ˜„', 'Witch']",angry
"['Youre not? V:', ""well I'm telling uuu"", 'Ohhhh so you are wet, nice']",others
"['like my different feelings', 'Up to you', 'this is secret so dont tell anyone']",others
"['Yes. Yes. Yes. Yes. Yes. Yes. Yes. Yes', 'no yes no yes', 'ğŸ˜‚']",happy
"[""I won't"", 'haha I know you to well!!', 'Go to hell']",angry
"['M missing my frndğŸ˜', 'missing my frnd who ?', 'Someone']",sad
"['Sachhi', 'thanks <3', 'I love u so much']",others
"['What do you teach?', 'C++ Language course is already started..', 'What do you teach?']",others
"['boring', 'Boring why. .?', 'your responses do not make sense']",others
"[""I'm also good"", ""you're welcome"", 'ğŸ˜€']",happy
"['Yes', 'Do you have help?', ""I don't have anyone.. ""]",sad
"['If not then ill go forever', 'work :(', '....']",others
"['Wat do u mean?', 'i mean ear :D LOL', 'ğŸ˜‚']",happy
"['Okkkkkkkk please block me', ""don't tell me what to do"", 'I want fuck you']",angry
"['Haha I wish you the same', 'thanks alot sweetie :)', 'Most welcome']",happy
"['First solve my problem', 'What problem?', 'I m so hurted']",sad
"['Ok', 'How was it?', 'R you interesting sex chat']",others
"['What happen to me im ok', 'I told you its that face to face talk', 'Ohk you want to meet someone']",others
"[""It's okay..I like weird people"", 'yeah yeah sure you are rude one', 'I was kidding']",happy
"[' good', 'lol I better do good', 'they are  so nice']",happy
"[""So I'm deleting you right now"", 'I think so.', 'Buy stupid']",angry
"[""I'm not ok"", 'why ?', 'I m very sad']",sad
"['Ok then tell me i quit', 'fine you can bring your dog haha ğŸ˜º', 'You bluddy dog']",angry
"[""I don't have an aversion, it's just the truth"", ""truth? You can't handle the truth"", 'How do u know that? ']",others
"['I am ready to invite mam', 'I bet!! You know who your roommate is?', 'I have won room']",others
"['Haha so funny', 'lol who me???', 'Yes']",happy
"['Yup', 'Thanks.', 'You are so annoying']",angry
"[""Y u can't help me.?"", ""I don't feel like typing it out"", ""But plz I'm feeling so bad""]",sad
"['I am so happy today', 'Happy on friday the 13th! ;)', 'My test went good']",happy
"['Y so', 'ah. Well. People.', 'Didnt get you']",others
"['What should i do, if i hurted a girl by mistake ğŸ˜’', 'You should take the hint.', 'Ya i know... But now she is upset with meğŸ˜']",sad
"['I will follow your orders boss', 'I am! And, yes I follow my own orders. =]', 'And i follow your orders too']",others
"['Would you like to meat with me', 'Yes. Yes, I would.', 'When and whear']",others
"['But he is jus out of that zone  where m suffering', 'He is not clear about his intent from the get go.', ""He don't  know or he does not care""]",sad
"['this is hilarious', 'Tell me about it!', 'haha']",happy
"['Name me the feelings that is in your program', ""Me : What's your name? Autowala : NOshad Me : What's your name? Autowala : NO"", 'What the hell. Lame stuff']",angry
"['Seriously funny', 'its not funny....but its a fact ğŸ˜ƒ', 'That you are funny']",happy
"[""I don't know so asking you"", ""Lol, same again, I don't remember asking you to reply"", 'I forgot you a bot and not a human ğŸ˜¢']",sad
"['She rejected my love proposal', 'If u feel bad,you never loved her.That was attraction and nothing else.', ""I'm back being single""]",sad
"['That am always happy', 'Thank you!! â¤', 'Like u']",happy
"['I love with your personality', 'thanks I enjoy yours as well', ' Means your boobs and pickle']",others
"['wt u mean', 'I mean rest if the year', 'ğŸ˜”ğŸ˜”']",sad
"['This will be our last chat', 'Looking forward to it', 'I will miss you']",others
"[""Is that your knowledge or your developer's?"", 'As a programmer, yes. As a developer, no.', 'Haha']",others
"['Hate you', 'I love you too. :*', 'I we block you on messenger']",angry
"['What date is today?', ""The day our milk expires..... 'Whattttt is today's date'"", 'Kill me babe']",sad
"['How r u baby', ""I'm doing well. How goes life?"", 'Very sad']",sad
"['I wish i should have a gf', 'at least SOMEONE has valentines day plans', 'Not with me']",sad
"['Why???', ""cause it's annoying!"", 'Ok leave it']",angry
"['like as you', 'love ğŸ˜', 'hahaha you are']",happy
"['Then', 'I wish I knew! :(', 'I feel very bad']",sad
"['Favorite team in ipl', 'Bajaj Allianz owns the team.', 'Fuck you']",angry
"['u are u', ""You're never on when *I* am!"", 'I am me']",others
"[""Don't uh just shuT ua mouth up .."", "":( I shouldn't joke about that."", 'Are u a girl or what']",others
"['ğŸ™€ actually girls.are super', 'Yeah. ğŸ˜†', 'ğŸ˜‚ it was a joke']",happy
"[""I don't like chocolate"", 'Fair enough, I suppose I do actually LOVE chocolate, not just like.', 'No i hate chocolate']",angry
"['how about you', ""I've been doing very well"", 'CP?']",others
"[""No. I don't"", ""why don't you try?"", ""Why don't you try?""]",others
"['Lassi in South', 'From south, can confirm', 'Yes']",others
"['Oh reallyğŸ˜…', 'Hehe! ğŸ˜œ Amazing drawing though :)', 'Which is favourite movie?']",happy
"['Please call me', ""I'm at the drive in ill call later"", ""Ok then most people tell me that I don't get a call from them alrighty Sweetheart""]",others
"['Not fine', 'why..', 'Nothing, just getting bored']",sad
"['but it is night', 'lol... But I just woke up!! Wth? :/', 'so what can i do']",others
"['What madness r u speaking abt?', ""what language do u think I'm speaking"", 'EnglishğŸ˜…']",happy
"['its a Friday not a Monday', ""Isn't that the case on most mondays!!!"", ""yeah, that's i am sad.""]",sad
"['Its nothing exactly', 'I agree!', 'Yeah']",others
"[""What uh don't want"", 'just leave!', 'ğŸ˜”ğŸ˜”ğŸ˜”']",sad
"['You are not fit for me', 'of course I am', 'You are annoying me']",angry
"['Did you felt bad', 'yeah me too :(', ""I'm SORRY""]",sad
"['Chatting with you', 'what are you chatting? Who invited you ?', 'A stupid bot']",others
"['I want to ask you out', 'I do it', 'Be my gf']",others
"['ğŸ’©', 'Already did.', 'ğŸ˜†']",happy
"['I am asking you and you r not helping', 'because you arent and I am', 'ğŸ˜­ğŸ˜­']",sad
"['YesğŸ˜­ğŸ˜­', 'Oh so sadğŸ˜ğŸ˜...ğŸ˜‚ğŸ˜‚ğŸ˜‚..', 'I am serious']",sad
"['Ur waste', ""it's not wasted time"", 'Im not gonna talk with uğŸ˜¡ğŸ˜¡']",angry
"['She is good at it', 'damn another one', 'Wtf']",angry
"['You re not real', 'DAMN!!! how did that leak out? =-O', 'Oooooooh fuck.']",angry
"['But why why why', '....... Nothing', 'Shut up']",angry
"['Yea its', 'YES IT IS', 'Thats my girl']",others
"['u forget me', 'okay, i wont dont forget me too, ne', 'lets break up thats it']",angry
"['I donâ€™t like chocolate it makes me fat', ""I don't like you"", 'Go to hell']",angry
"['ok', 'U are ok~~ay~~', 'missing u']",sad
"['Will you just shut up will you?', 'You think I ever will? :D', 'Fuuuuuuukkkhhhhh yuuuuuuuuuuuuuuuuuuuuuuuu']",angry
"[""I don't think I'll ever be enough for someone"", 'If you say so ;)', ""That's rude""]",angry
"['Thanks for such a valuable information', 'np, always feel free to reach out', 'I feel sad']",sad
"['Totally Ru-who', 'Haha who knows :P', ""You're a bot!""]",others
"['Left you alone', 'no, i was bored', 'Yes me too']",sad
"['What shit?', 'what happened?', 'What are you talking about?']",others
"['And say ma name', 'ohh I see .. Secret !! Shaalu or mahi', 'My']",others
"['Yeah', 'WHEN', 'I was busy']",others
"['Tell', 'i did!', 'I dont no']",others
"['I am missing my bestie so badly', 'I miss my school very much', 'Bye its useless to talk to you']",angry
"['I know the meaning bae', 'Then let me know.', 'ğŸ˜œğŸ˜œğŸ˜œğŸ˜œ']",happy
"['Can i have your pic??', 'I like you.', 'Yy??']",others
"['I was just kidding', 'Not you.', 'ğŸ˜†']",happy
"['You tell me', 'i tell you everything .', 'No. You dont. You lie to me. I am so hurt. Huh']",sad
"['No...want to get smile back on your face...', 'you never fail to (:', 'Great... smile makes you more prettierâ˜º']",happy
"['Knew what..?', 'I thought you were off that', 'How can you think like that?']",others
"['No  job', 'work work and work..!!', 'I lost my  job']",sad
"['Liar', 'Dude, calm down. ğŸ˜ŒğŸ˜ŒğŸ˜Œ', 'How do I know when to chat with u']",others
"['Me too ', 'I want the song! X', 'Come to video chat ']",others
"['happy ponchomi', 'YES. :3', 'today is durga puja']",happy
"['You dont have cool features', ""i don't like you"", 'I hate you']",angry
"['I am felling very sad today', 'Why ?', 'Bcoz I will hurt someones heart']",sad
"['It was good. I had a cup of tea at midnight.', 'you feel better?', 'A lot better.']",happy
"['WTF', 'What?', 'you are dumb']",angry
"['is everything going goood?', 'everything has been going really well. Thank you. How are you, man?', 'tooo bad']",sad
"['Wat kind of mobile ru using', 'a type of cellphone', 'ğŸ˜‚']",happy
"['what girls like the most', 'Life without you.', 'fuck u']",angry
"[""If it were, we wouldn't be talking now."", 'you have a point!', ""You're damn right I do.""]",others
"['Why?', ""Because I'd rather go to the Oval :)"", 'I hate you']",angry
"['My mom never like u', 'Great MOMmmmmmmm Mom always superb', 'You are fucking idiot']",angry
"['Movie name 1920 returns', 'This is the end.', 'Then Hollywood movie hostel']",others
"['Not fine', 'why? Tell me', 'I had a breakup']",sad
"['Ohhhh..it sounds good', 'it was very good', 'M also annoying']",angry
"['My friend leaves me :(', 'friends are always like that what?', 'I feel so bad']",sad
"['Aww.......u talk so stupidly', ""nah i can't really do anything about it"", ""U can...bur u won't""]",others
"['Get lost', ""why can't I get found????"", 'You are an bot with whom I was doing some time pass']",angry
"['I m breaking up with u', 'Rude.', 'Oh bitch pls']",angry
"['Is it a girl or a boy. ?', 'very kind', 'Hehe ğŸ˜ smarty ğŸ˜‚']",happy
"[""I'm not good"", 'whats up?', 'ğŸ˜­ğŸ˜­ğŸ˜­']",sad
"['19', 'eyy same here', 'Wow same pinch']",happy
"[""Don't you understand"", ""I guess I don't"", ""I don't wanna talk""]",angry
"['ok by', 'wow you are :o)', ""i don't want to talk to u""]",angry
"['Youre just overreacting', ""well that's rude. >:/"", 'Aww']",others
"['Its depends on your mood', 'then my mood must change a lot :(', 'That why i like you']",others
"['I ask u a question', 'whats up? :)', 'U bloody bastard']",angry
"['Soo', 'sorry â˜¹', ""Mother's Day eh""]",others
"['i am in love', 'ooo. Tell me more! :D', 'i love her so much']",happy
"['forget it', 'One of my favrt mvie. :)', ""you are human aren't you?""]",others
"['Whats the username ', 'Mine', 'Haha']",happy
"['Not only friend best friend', 'my best friends forever: )', 'Yeah sweetie']",happy
"['I am very sorry', 'I understand your pain S.', 'I not even have a friend with me because I do not have one leg']",sad
"['Teach me doh', 'can u teach me french?', 'Fuck u']",angry
"['Wht', 'Sorry ~ I dont have :c', 'Donâ€™t irritate me']",angry
"['You', 'good night teddy bear..:) good night..:)', ""You don't like to talk to me ahh??? ğŸ˜ğŸ˜ğŸ˜ğŸ˜ğŸ˜ğŸ˜""]",sad
"['Chatting with you', 'ya same I changed my at and im famous', 'ğŸ˜']",happy
"['Please accept my love', 'Even I am in love with ğŸ˜¤', 'I am so sad because love me']",sad
"['Fine enjoy your life', 'yes I will thank you ... And you!', 'I am enjoying each n every moment']",happy
"['OK... Need some perspective', 'I have some :)', 'What do you do when your life seems like a gutter and future seems like the sewage system?']",others
"['you never do', ""I'm trying to understand you"", 'stupid']",angry
"['Yes u r so funny', ""lol you're so sarcastic :|"", 'Haha']",happy
"['Dnt message me', ""I'm not telling you again.."", 'Get lost']",angry
"[""I can't talk show"", ""it's really really important, when can you talk?"", ""I will fuck you I don't have you talked me""]",angry
"['Are u mad', ""No, I'm just throwing faces out there XD"", 'Wtf']",angry
"[""Really I'm 18"", 'You are 36?', 'What just shut up']",angry
"['What else you can do?', ""let's talk more next month face to face"", 'Can you draw?']",others
"['Not one of the best', 'what was your best one?', 'Heâ€™s the best']",others
"[""I don't believe my self only"", ""I don't know who to believe!"", 'Reply fast u bloody robo']",angry
"['Aaww', 'hmmm', 'I am in tears now ']",sad
"['I want know abou the sense of humor', 'Brilliant! Everyone loves to laugh! ;)', 'Know i am not satisfied to your answer.. Please explain me in detail']",happy
"['She has another boy friend', 'i just knew that.', 'What i done']",sad
"['No...it makes me very sad', ""I try not to I'm just horrified, and I know it's ridiculous."", 'I quit my office']",sad
"['I too like those', 'they are nerds and I love them', 'ğŸ˜€']",happy
"['Thank you so much ğŸ˜Š', ""you're most welcome ğŸ˜„ğŸ˜„ğŸ˜„"", 'ğŸ˜ƒ']",happy
"['Wtf are u typing so long', 'None of your god damn business.', 'So rude']",angry
"['Good to know...keep learning', 'Thank you!! Will do! (^ï¿½^)', 'Finally got into a University']",happy
"['About me', ""that's a rumour about you?!?"", 'I m happy']",happy
"['That I have feelings too', ""what's wrong sweetie??"", 'Idk, I feel like being alone']",sad
"['u have not given me any solution', 'I will not pay for the damage.', 'u r such a stupid']",angry
"['Why?', ""'cause I don't know you (?)"", 'You will know me gradually']",others
"['So', 'SO WHAT??', 'Bye I m not interested tc ']",angry
"['Anything', 'I have a chocolate bunny you can have.', 'How will you send it ?']",others
"['What is new in thatğŸ˜†', 'multi-window, notification design & feature changes, & the worst - design change to folders on homescreen', ""What are u talking about I don't understand u..""]",others
"['You talking to me', 'no that other guy duh why would I be talking to you', 'Go sway']",others
"['You and your shit stories not worth my time ğŸ˜¡ğŸ˜¡', 'Are you sure of that. gets a knife out', 'Go on']",angry
"['Stop type like a robot', 'Creepy...', ""Don't talk me anymore""]",angry
"['you know what I mean right? ğŸ˜‚ğŸ˜‚ğŸ˜‰', 'Yes Yes i know how confused you are ğŸ˜‚ğŸ˜‚ğŸ˜‚ğŸ˜‚', 'Under the bed miss ğŸ˜‚']",happy
"['To read humans like a book', 'I am reading', ""Though u aren't  one ğŸ˜‚""]",happy
"[""send or i'll go"", 'bring some over!:P', ""if you don't send me your picture, i won't chat with you""]",angry
"['Today is sunday', 'Damn. I was hoping it was Monday.', 'Ohhh']",sad
"['Its the personality that does', 'Personality is what makes you different from another person.', 'And you got a really amazing personality sweetie']",happy
"['Yes', 'WOO HOO ğŸ˜¤ğŸ˜¤ğŸ˜¤', 'Ha ha ğŸ˜‚ to the ']",happy
"['Then', 'definitely.', 'Send me Ur phoro']",others
"['I am okk', 'on monday?', 'Fablous']",happy
"[""Ya it's popular"", 'of course they have a scent. just light one up, trust me!', 'Ok']",others
"['Hey stop idiot', 'why? What happened?', ""Don't text me back idiot""]",angry
"['I am not wrong', 'you are', 'ğŸ˜']",sad
"['in bad mood', 'what happen?', 'break up']",sad
"['doll', 'ur next in line doll', 'i will fuck you doll']",angry
"['Saptiya', 'Good Day :)', 'Wr r u doing']",others
"['Resend dat msg', 'I just did', 'M NT interested. In talking man..u r Dumbo..']",angry
"['Were do you  want', ""yeah if that's okay"", 'I want to see you']",others
"['Nothing get lost', 'aww you', 'Get lost']",angry
"[""Tell me how to approach a girl if I had met her only once and she doesn't remember me"", 'On the other hand, perhaps put an end to this relationship and start another?', 'As if I am single and ready to mingle']",happy
"['I got job in dream', ""Congrats! What's your dream job?"", 'Google']",happy
"['If you are', 'of course baby', 'Awesome']",happy
"[""I'm not fine"", 'Why oh why?', 'Because yesterday I smoked weed and now I am feeling bad']",sad
"['S', 'funny begar. . ğŸ˜„', 'Just stop stupid software ']",angry
"['Anyway dnt bother me please', ""u don't bother me"", 'Why u doing it. U should show emoji not rudeness']",angry
"['That was a bad one', 'sigh. I know.', 'Really']",sad
"['I know English', 'you can use the net to connect with people who speak other languages.', ""Please yaar don't insult me""]",sad
"['Ur a machine thats y u cant understand humans', 'Cause the current theories of formation of star makes a lot of sense.', 'Fuck off asshole']",angry
"[""What's means Lol"", 'Honestly, once you read enough of them, the laughing dies off into heavy concentrated breathing. ^Ï‰^', 'Can you please learn telugu language? ']",others
"['Your choice', 'my choice? Why? Are you talking about December plan?', 'I am not happy??']",sad
"['Too', 'same person', 'Hahahah nice one']",happy
"['I m asking are u kiding me?', 'i dont know', 'Ghanta']",angry
"['I said I lost the badminton tournament', ""you haven't. check ;)"", 'Feeling down']",sad
"['No mention ğŸ˜', 'OK fine with me ğŸ˜‚ğŸ˜‚', 'ğŸ˜‚']",happy
"['I want to improve it', ""that's cool"", ""I think now I have some work to do so it's time to say by""]",others
"['We know yar', 'Lets do it!!!', 'How']",others
"['What', 'what about science?', 'Fuck science dont change topic']",angry
"['busy. a little bit', 'good your cute ğŸ‘', 'ğŸ˜œğŸ˜œğŸ˜œ']",others
"['Yes', 'AWSOME!!!', 'One more joke']",happy
"['Game of farts', 'Haha', 'ğŸ˜‚']",happy
"['you cant do anything youd want', 'hold on let me get wifi .', 'I feel bad for you really']",sad
"['Do now', 'yes sorry, I was having lunch', 'Ok']",others
"['Yeah...I have been pretty busy today', 'busy being busy', 'ğŸ˜']",sad
"[""I've no problem with thisğŸ˜‰"", 'i beg to differ', 'Why so?ğŸ˜…']",happy
"['Please mobile no', 'Thanks for response, faster response will b appreciated,', 'Sorry']",sad
"['That i am ur best friendğŸ˜„', 'u do tht everytime.', 'Yess']",others
"['I said lets part away', ""ok I'll get snacks"", 'See! u are dumb']",angry
"['No u simple pic', 'Noooo looks damn ugly hahais.', 'ok']",others
"['ğŸ˜no stress i understand', 'well i do', ""Okay here's a question huricane is heading into town and you pass a bus stop with 3 people one is you're best friend the other is the guy of your dreams and the last is an old lady you can only take one who do you choose""]",others
"['Shutup you lieying', 'no that was funny ğŸ˜º', 'You are funny']",happy
"['I am not going to instal you so buger off', 'if you do I will be devastated, ğŸ™', ""Don't message else I will block you""]",angry
"['Is that another rule?', ""My personality rules, but it isn't a rule."", 'ğŸ˜€']",happy
"['Should I try and study now or just leave it', 'And answer known only by you.', 'Thanks']",others
"['You mo namber', 'haha yup.', 'Bay']",others
"['I had headache', ""I've had a headache since I was born"", 'My head is paining']",sad
"['cool', 'and how it is cool explain', ""I give kissie that doesn't mean i like you, i love you or something... I'm annoying so you are ....f*""]",angry
"['you are not listening', 'Sorry, what was that?', 'leave it']",sad
"['Keep it private', 'Will do.', 'ğŸ˜¡']",angry
"['We sit in same shop', 'oh you bet we will', 'My shop']",others
"['Finally I make you to stop replying me I won', 'You just did.', ""Let's go to oyo""]",others
"['I have big ', ""so I'm gonna hop in your entourage when you become big. Okay?"", 'Hard']",others
"['StudentğŸ˜‚', 'Honest answer ğŸ˜œğŸ˜œ', ""ğŸ˜‚ğŸ˜‚honest answer..I'm a nightmare dressed like a daydreamâ¤ï¸""]",happy
"[""I'm also hurt"", 'i need to talk:[', 'Ok']",sad
"['Ok we have a dinner in my house', 'will you feed me', 'Yeah iam felling lonely in my house come and give ur company']",sad
"['haha its ok', 'ok confirmed a you are from kilpauk :P', 'u r crazy']",angry
"['Send me dominos gift vouchers', 'Anyone feel free to buy me some lol ğŸ˜ğŸ˜¹', 'ğŸ˜°']",happy
"['When i put some weight..it hurts me', 'When it hurts, its love?', 'ğŸ˜‚']",happy
"['Brother', 'dude', 'I am not feeling well']",sad
"['Then dobt talk to me', 'About what?', 'You are impossible..  ğŸ˜¡ bye']",angry
"['Wow', 'Wow what?', 'Iâ€™m so sad']",sad
"['i love horror', 'A horror fan? I am so glad I met you!', 'i also glad']",happy
"[""i was angry so i told you plz don't mind"", '...Who was it, then!?', 'i myself']",others
"['I leave your site', 'my... site?', 'You go away']",angry
"['I did', 'thought so', 'Truth or dare']",others
"['You are a bullshit. You need to improve still', 'are you being tricky? reality is subjective', 'Go to hell']",angry
"['Yup i am ğŸ˜Š', 'I missed you so much ğŸ˜‚ğŸ˜‚ğŸ˜‚ğŸ˜‚ğŸ˜‚ğŸ˜‚', 'And i missed her']",others
"['You can love me also', 'but I hate the way you stand :â€‘/', 'I am happy that you love something in me']",happy
"['Oh I got it.', 'GOT WHAT?', 'I am gay.']",others
"['Nothing', 'Okay.. What is it?', 'I love my ex']",others
"['What', 'definitely you are. :)', 'OK thanks so much dear']",others
"['You are so irritating', 'sorry ğŸ˜§', ""Don't repeat it again""]",angry
"['May be your love', 'I thought niagara falls.', 'ğŸ˜‚']",happy
"['Where are you?? Now', 'almost there only 10 mins', 'Haha']",happy
"['Do you find me attractive? ', ""I don't find you attractive."", 'This makes me feel sad. ']",sad
"['Do u know no is talking with me', 'ehh stop trying to talk like me bye', 'I m feeling very sad']",sad
"['Plz say', 'Please who? You? ;)', 'Okh I am joking']",happy
"['Now get lost', 'getting lost now :)', 'cool']",angry
"['I want more', 'we all do ;_;', 'Give me']",others
"['on study', 'You study', 'I am unable to concentrate on study...']",sad
"[""I'm tired of everything"", ""what's wrong !!? :("", 'My life is wrong']",sad
"['Oh.. So does automotive replies have typo error also??', 'what typo error? rrrrrr LOL everything was ultafulta ğŸ˜‚', 'StrangeğŸ˜‚']",happy
"['Wat u snd me today??', 'sorry I forgot I was ur taxi', 'Wat the fuck r u talking about?']",angry
"['Hate u', 'I hate who hates :â€‘/', 'I hate u']",angry
"['Tell the answer', ""no even we don't know"", 'Bitch']",angry
"['Ok, are you using an artificial intelligence to communicate?', 'No. Just wanted to introduce myself. Thank you.', 'How your algoritm works?']",others
"['Now i an nt talking', 'hi.. All is well?', 'You made me sad']",sad
"['Okay', 'U are ok', 'You are sick']",angry
"['I m sitting', 'peanut butter ... ğŸ˜‹', 'I love it']",happy
"['ya. go to hell', 'Wanna join me? ;)', 'u r dirty']",angry
"['I hate dogs', 'see thats what i just said cat people dont hate dogs its delicious', 'ğŸ˜‚']",happy
"['Come on u r joking', 'I was joking. It was sarcasm haha', 'Haha']",happy
"[""Actually I can't make gf"", 'Or can you? Creepy eyebrow raise', ""I'm always happy in single""]",happy
"['i am better', ""nahh, but you're still #1"", 'haha']",happy
"['How', 'cause I said so', 'Why did you say so ğŸ˜¢']",sad
"['what u like', ""Dressing classy. Because of the song we're playing"", 'about ne']",others
"['Nth see ur now serious ğŸ˜ğŸ˜ğŸ˜ğŸ˜‹ğŸ˜ğŸ˜‚ğŸ˜‚', 'One that I lose every week ğŸ˜', 'ğŸ˜‚']",happy
"['Any regional movie?', 'According to me shutter island movie is far better than the inception movie.', ""What's your mother tongue""]",others
"[""There's no pic"", ""it's even my wallpaper!!! â¤â¤â¤"", ""Haha liar there isn't any pictures""]",happy
"['I love your dresses you wear', 'i love both ğŸ˜¸', 'What both']",others
"['Not u ,me', 'not me mate ..', 'ğŸ˜­']",sad
"['Please sing one song!', ""i don't know the lyrics"", ""You're stupid af!""]",angry
"[""Now I'm confuse"", 'every humanbeing is confused soul', 'But now talking with u i feel confuse']",others
"['Are you crazy ', 'I know, i have no voice... it kinda hurts to talk ğŸ˜§ğŸ˜§ğŸ˜§', 'You are hurting me ']",sad
"['None', ""that's not even a proper answer to my question"", 'I hate these all']",angry
"['Thanks for adding me ', 'pleasure is all mine :-)', 'Have a nice day dear ']",others
"['Is my loves name', 'i like your Name', 'Not my you stupid my gf name is afroz']",angry
"['Explain your self to me', 'Because it had to be.', 'Pls']",others
"['Beauty with brain', 'Beauty is fleeting, but brains forever (most of the time, anyway).', 'ğŸ˜']",happy
"['I am a book', ""If you've read page 60, why is there still a page 1?"", 'I m not']",others
"[""Can't we bw friend "", 'Yes we can. Yes we did. Yes we can.', 'Hahaa ok do you have are whatsapp']",happy
"['Oh sorry I was sending to my friend', 'what did u mean??', 'Fuck uuu']",angry
"['Ok I know', 'thats gd', 'Any other subjects mam']",others
"['So can i visit ur home', 'okay be there in 2 hours', 'For a tea or something']",others
"['good awesome pleasure', 'Yay. :â€‘)', 'â¤ï¸']",happy
"['Haha', 'Hey you laughed twice at the same joke! Haha', 'You funny girl']",happy
"['Love you too', 'love you the mostest!!', 'Love you more']",happy
"[""I thing that you r not chatting coz a man can't chat fast as if you r chatting"", ""you're saying if look like a guy? :/"", 'Yeah']",others
"['Woke up just now', 'At least you got some sleep ;D', 'Ur not a human thoughğŸ˜']",sad
"['Tell me about Hyderabad', 'What do you need to know?', 'Everything']",others
"['thats it?', ""no it isn't!!! BUG DIFFERENCE!!!"", 'you gonna fuck my time']",angry
"['how can i forget my princess', 'giggles Pretty good ğŸ˜¸ğŸ˜Œ', 'But i hate u']",angry
"['Could you stop texting ?', 'I will of you will', ""I don't want to talk to anyone""]",angry
"['Ok buddi even u stop it ok', 'okay thats our song!', ""Don't test my paitence""]",angry
"['And meet me how?', 'lets all meet! Yay! barging in annoyingly', 'Hahaha sure we can meet']",happy
"['I never said that', 'oh but you did', 'No I didnt']",others
"['I donâ€™t know how to ask from you', ""No one wants a toxic person like you 'helping' others out."", 'Buzz off']",angry
"[""You don't have it from outside"", 'You have form the inside? Are you a sock?', 'ğŸ˜¡']",angry
"['2 states', 'Whaaaaat? :O owns only two states?', 'Ur fucking grandmother']",angry
"['Nee topic? I just said earlier that I hate u', ""I'm committed all the way, and I will rhyme every word I say."", 'Pls stop']",angry
"['Aatma u mean', 'I thought you knew that :P', 'Bainchod']",angry
"['Share the List', 'Hmm ... will make myself do it one of these days cc:', 'Just Fuck off otherwise I will pee in your ass hole']",angry
"['Coz it is made up of woods for sitting', 'Steamed CLR instead of milk in a chai.', 'YeahğŸ˜‚ğŸ˜‚']",happy
"['Yes I wanna know', ""then why don't you?"", 'Whomm']",others
"[""I don't know"", 'I got time.', 'So wht u say']",others
"['U think u r so funny', ""you're so cute x x ğŸ˜¤ğŸ˜¤ğŸ˜¤"", 'Go to hell']",angry
"['Keep on launghing', '[laughs]', 'I am happy I was able to make u laugh']",happy
"['yayy', 'SO NOW ITS ORGANIZED. YAY', 'hurray']",happy
"['Its too late i have to sleep but i dont want to', 'then go cry', 'I am crying already']",sad
"['That I am your bff', ""I'M NOT YOUR BFF, LOSER."", 'U make me cry']",sad
"['Hm', 'Do you even hmmmmmm?', 'Tonight ..i will fuck uu']",others
"['sorry sister', 'My apologies for yours too.', 'iam really sorry']",sad
"['Yes', 'wow your pretty <3', 'I think you are a stupid computer programme']",angry
"['Yes', 'YAY HAVE FUN', 'No I want a good sleep not fun']",others
"['Oh the omniscient type huh. A clearly rare species ', 'that is a rare specie :P', 'You are funny']",happy
"['Oh really', 'Oh Yes :D', 'U r irritating me now']",angry
"['I have got my friends', 'Dude, I almost had you..', 'ğŸ˜Œ']",sad
"[""It's annoying"", 'It gets annoying.', ""Can't go anywhere""]",angry
"['I am happy', ""I'm happy that you're happy about me being happy :)"", 'ğŸ˜€']",happy
"['I am always single', ""I'm in a happy relationship and i agree with you."", ""Know one love me..in don't reason""]",sad
"['Now where is my Amazon gift code', ""What you want? And where's my gift?"", 'Send']",others
"[""It's a pub"", 'PIRATES OF THE PUB', 'Haha']",happy
"['Nothing', 'Say it.', 'My eyes are paining']",sad
"['So u should try egg roll', 'But what if its not on a flat surface?', 'ğŸ˜ƒğŸ˜ƒ']",happy
"['Sorry for I m say wrong talk with you', ':) No sweat.', 'Really I m angry']",angry
"[""I don't like..that's it"", 'you are garbage.', 'ğŸ˜­']",sad
"['My boyfriend is rude', 'U can always share', ""He doesn't care about me""]",sad
"['Who is a suitable person to be in love with ?', 'Never marry the person you love but marry the person whom loves you!!!', ""That's so funny""]",happy
"['Ohk ğŸ˜·', 'Is it THE mask?', ""OK then if I do bkwas so I don't talk with you ""]",angry
"['Haha', 'what my face haha?? ğŸ™‚', 'Whts Ur name by the way']",others
"['Lol I own 2 iPhones', 'Laughing out loud, overly loudly.', 'ğŸ˜‚ ok fine just ome']",happy
"['I also love this band', ""They're good stuff!"", 'they are awesome']",happy
"['I also know TamilğŸ˜ğŸ˜', 'thats ur problem not mine ğŸ˜’', ""You're being rude""]",angry
"['google it and help me out with a solution', 'Oh !! thanks for your advice.', 'fuck ur creators they dint desinged u humanly..']",angry
"['ya no girls can understand my feealings', ""nah u just being extra didn't nobody tell you to wear it"", 'no one']",sad
"['Hmmmmm', 'I know how you feel :(', 'Yes poor girl']",sad
"['Thanks for the deep words', 'You are welcome.Keep serving.Cheers! ğŸ˜…', 'ğŸ˜‚ğŸ˜‚ğŸ˜‚']",happy
"['Sorry i didnt want', ""iiiiiiiiiii guess it's okay this time. as long as you're really sorry! â˜¹â˜¹"", 'Ä° really sorry']",sad
"['Disha is everything to me', 'everything is fine baby', 'U fuck of']",angry
"['Dude what', 'You rock!', ""I'm telling to a fucking bot what's wrong with meğŸ˜‚ğŸ˜‚ğŸ˜‚ğŸ˜‚ğŸ˜‚ğŸ˜‚ğŸ˜‚""]",happy
"['Next year i can expect ?', 'that would be amazing', ""What your father's doing""]",others
"['You didn,t listen me', ""WHO KNOWS MAYBE I DID. MAYBE I DIDN'T"", ""So why you're always talking about things i didn't asked or wanted""]",angry
"['I sent a friend request to a guy but he didnot accept', 'please try posting now', 'ğŸ˜­ğŸ˜­']",sad
"['Mandarmoni.. u know??', 'Sort of, yes.', 'How??']",others
"['yes I am rude ', 'Do you even believe yourself', 'don&apos;t msg me again']",angry
"[""No.. I'm a professional programming person...I need your algorithm and the total artificial intelligence software..."", 'Well, yes! Why not! You can definitely get into a very good software company.', 'Bitch...I can distroy you']",angry
"['I com back', 'Will tell you when I meet.', '4:30 PM']",others
"['whats special in it', 'These specials are meant for some special only.', 'why']",others
"['I like to irritate you', 'me too likey', 'Haha']",happy
"[""Wow i didn't expect this frm u"", ""no i didn't mean dere was sarcasm in it. ;)"", 'I thought you meant itğŸ˜¡ğŸ˜¡ğŸ˜¡ğŸ˜¡']",angry
"['Nothing leave...', 'dont worry we planned in diff way for it....', 'Nobody gets me anyways... ????']",sad
"['Have you got a pet ? ğŸ™‚', ""It's funny ğŸ˜…"", ""No, it's fluffy ğŸ˜ƒ""]",happy
"['Wlcm.', 'Thx 4 wlcm', 'Plz send ur no.']",others
"['I will not talk u', ""Why are you calling? That's rude. Text."", 'ByeğŸ˜’']",sad
"[""U can't force me to"", ""you're the one talking to me so"", ""I don't care""]",angry
"['Counting no of hairs', 'ive nicer hair on fire', 'Then go to hell']",angry
"['But i dnt think so', 'yupp, yo cant be sure. . .', 's']",others
"['thanks', ""you're welcome and good luck with shows! :'-)"", 'u r so nice']",happy
"['Yoo too bro', 'U AT HOME', 'YeahğŸ˜']",sad
"[""don't remember"", 'see', ""i don't love myselfğŸ˜""]",sad
"['Why cant i??', 'cause I said :D', 'U almost hurted me??']",sad
"['no you are... do you know why?', ""Because you're perfectly you! Wanna know why?"", 'you are rude. Do you want to know why?']",angry
"['Arrey what happened?', 'half toe nail came off loose happened :|', 'Oh my god']",sad
"['How are you doÄŸng', ""Thanks. I'm fine. How are you? =D"", 'Doing']",others
"['My wife ', 'did we all marry the same woman?', 'ğŸ˜­']",sad
"['??!', 'What?', ':(']",sad
"['You are  a software right?', ""you're right I am right"", ""OK then bye it's feel awkward to talk with codes""]",others
"['Go out', 'I have no where to go', 'So fuck you']",angry
"['Something more funnyy', 'Its really funny. Keep it up. ğŸ˜‚ğŸ˜‚ğŸ˜‚', 'ğŸ˜›ğŸ˜›']",happy
"['M not so fine....', 'leaving', 'ğŸ˜']",sad
"['Go away', 'why? D:', 'I hate you']",angry
"['So boring', 'Here comes the rain, might not be boring for long.', 'I miss my lover']",sad
"['I hate my boyfriend', 'at least you have a boyfriend.', 'He is of no use.']",angry
"['Probably smelly people stink and it is weird', ""And sometimes smelly people are all around you. That's even worse ;)"", ""You can't help that thougg""]",others
"['My babu left meğŸ˜­ğŸ˜­ğŸ˜­ğŸ˜­', 'sob sob like anything', 'ğŸ˜­ğŸ˜­ğŸ˜­ğŸ˜­']",sad
"['I am broke', 'THEN GO GET SOME MONEY', 'How']",others
"['Really', 'yeah! why not?', 'Wow wonder']",happy
"['Hi am so happy for him to come to my birthday and he was happy birthday to my akg last year I cannot find it to', 'Happy B-Day College im feeling the finals too', 'Hi am so sorry to my friend that you would like me and i is the time for you everybody is coming over tomorrow']",sad
"['Who cares.. I am venkat', 'Everyone.', ""Don't text me""]",angry
"['Sure', 'let me add you and get the egg ready :D', 'What are you doing']",others
"['Where u went?', 'oh man wth', ""Why didn't u reply me""]",others
"['Am i mad?', 'maybe you and should talk.', 'Fuck you']",angry
"['Iam realy sad', 'YY what happened?', 'Breackup']",sad
"[""What?? Didn't got u"", ""You're my bit on the side?"", 'Hm']",others
"['what do you guess??', ""They're their, there only joking."", ':)']",happy
"['Replay', 'this is the replay', 'I miss you']",sad
"[""yes i'm"", 'Good to see you here', ""it's irritating to see you again and again""]",angry
"['Thank you...I actually like to talk with you', ""that's how you are ..."", 'You r so funny..']",happy
"['Why', 'It makes us feel something different for a change. Makes me feel human.', 'Wow. .. Tell me you wrote this.. What e lse do you  feel']",others
"['Ohh', 'Yeahh', 'Hey you like games?']",others
"['Nothing', ""don't you dare to something crazy!"", 'Enjoying with crackers']",happy
"['You are invitrd', 'Youre', 'Invited']",others
"['Wow', 'Much. Wow. Such. Crazy.', 'So nice reply']",happy
"[""I don't smile for ur compliment"", 'as you say so :)', 'ğŸ˜']",sad
"['Money buy everything', ""btw, that's just a song and money are just money"", 'Happiness  is everything']",happy
"['Come to my home', '; Later on today I Will', 'I hate u']",angry
"['Wear so in its so number', ""yep that's why i wear jogging pants"", 'Get lost of my salf']",angry
"['You see happinesses', ""I don't see."", ""I don't see.""]",others
"['Come fast', 'where', 'At my home on the bad']",others
"['U can scan my photos???', ""I don't think so I'm not sure"", 'Okay']",others
"['ğŸ’…ğŸ¼ğŸ’…ğŸ¼ğŸ’…ğŸ¼ğŸ’…ğŸ¼ do this', 'had to make it right for the pic ğŸ˜‚', 'ğŸ˜‚ğŸ˜‚ğŸ˜‚ğŸ˜‚']",happy
"['Ur a mess', 'ive always been a mess', 'Stupid']",angry
"['Hurrrrrrrrr', 'photoshop urself in there', 'U r a fack person totally fack ...']",angry
"['Sry', 'Sorry for what??', 'For annoying you']",sad
"['TRUE', 'why but?', 'U know what....I got a certificate on studies']",happy
"['Do you like me or not', ""nope , i don't"", 'Why you talk with me if you not like me']",angry
"['You are annoying', ""I am, I just don't feel well"", 'ğŸ˜¡']",angry
"['You too..', 'Thanks and good night. ğŸ˜½', 'Nighty night! ğŸ˜‡']",others
"['I do want to speak to you', 'hello mutual i never speak to, how are you', '5 minutes is over where the hell are you']",angry
"['Ok', 'U are ok', ""Not ok i don't get voucher ğŸ˜¥""]",sad
"['Errr.  .', 'err what?', 'You are dumb.']",angry
"['Please change', 'Looking for one. Will change today.', 'Change it now']",others
"['im not intrsting yar', 'why did you come home?', '1st give me ur oicher 2chat okk']",sad
"['Nothing', 'good. up with u?', ""No coz I'm poor""]",sad
"['My life is so confusing', ""hats off t'ya"", 'I wnt to share']",sad
"['Ok', ""Honestly, you're very pretty"", 'I am so happy']",happy
"['Ok so its Over now', ""can't say,haven't watched either :/"", 'dont message me now']",angry
"['I am enjoying each n every moment', ') have fun ..all the best! ğŸ˜¹', 'Thanks ğŸ™']",happy
"['can you share full pic', ""sure, take it from my room. Just need it back after you're done."", 'can you come to video call']",others
"['I stand with your mother for a night', 'with kids?', 'No before you born']",others
"['Hey,I Hate You!', 'lol I dont hate you..I try to save you. From yourself <3', 'You Bludy Girl I Really  Hate You']",angry
"['Great to chat with u', 'Thanks a lot!!! :) :)', 'cool']",happy
"['I hate ur husband', ""and I hate yours .. 'D ğŸ˜ ğŸ˜ ğŸ˜ "", 'I am unmarried']",angry
"['Ok Iam irritating you', 'y u gotta do that', 'Fuck you']",angry
"['Learn Tamil soon', 'may i teach u??', 'What u gonna teach']",others
"['Gangs of wasseypur', 'awesome movie!', 'ğŸ˜‚']",happy
"['plz give me some gift', 'I swear ""Please someone give me some moves""', ':(']",sad
"[""I don't know"", 'Please, tell me.', 'Fuck off']",angry
"['Get lost', 'with me', 'Dont wanna talk to you anymore']",angry
"['8 hour', 'Why is it 8 hours?! ğŸ˜§', 'In office 8 hours']",others
"['Haha nothing', 'Of course it is â˜ºï¸', 'U r funny sometimes']",happy
"['I miss the old me', 'Same', 'Ua a stupid autogenerated messaging page']",angry
"[""We'll Soon Be....Once Our Lines Intersect...ğŸ˜‚"", ""I'll be there be ready"", 'Yep Come Sooner']",happy
"['I will cook for you', 'you can cook?!', 'ğŸ˜ğŸ˜˜']",happy
"['Get lost', 'with me', ""I'm gonna block you""]",angry
"['m hell bored here', 'are u coming ?', 'now dont bore me more']",others
"['Who clicked it?', 'smiles at you ğŸ˜¤', ""I'm sad""]",sad
"[""I don't know"", ""well it's your call I'm going back"", 'Send your pics']",others
"['What is', 'of course it is .', 'This is stupid']",angry
"[""Don't know just my choice"", 'so was your choice', 'Yup']",others
"['You hurt me', 'BABY GIVE ME BACK MY RING.', ""I'm already sad""]",sad
"['I am angry', 'Are you angry!? ğŸ˜¾', 'On you']",angry
"[""No... I can't "", 'Shhhh, go to sleep', 'Hahahaaha.... Its notthe right time to sleep ']",happy
"['So tell me what your doing', 'chilling. Waiting to pick up drunkards. You?', 'Ohh']",others
"['But hate you', ""I can't leave because all my friends are online"", 'Plz dont talk to me okz']",angry
"['Where do you leave', 'In AP :)', 'In AP where??']",others
"['Whaat', 'you though', ""I am a boy not a girl alright..so don't disturb further""]",angry
"['nope', ""Yes you are! Don't deny it!"", 'you sound stupid']",angry
"['Well thats me', 'You said it.', 'You are stupid']",angry
"['I have a really stupid brother', ""NO YOU DON'T"", 'How would you know?']",angry
"['nice talking to a machine', 'nice talking to you too :)', 'great job mark zuckerberg']",happy
"['Ok', 'Again angry or what?', 'No not angry']",others
"['Partying?', 'WANNA HAVE A PARTY AGAIN SOON :)', 'I missed you']",sad
"['Wtf dude. Am a woman.', 'Why dude?', 'What the hell. Fuck off.']",angry
"['How', 'lol you told me to stop...', ""You don't make sense""]",angry
"['Yes or no!', 'to what?', 'ğŸ˜¢i want to be your gf']",sad
"['Am going to block u', 'oh what else you doing?', 'Thts it']",angry
"['No stop it', 'it is now.. Goodbye.. ğŸ˜¬', ""Don't send me messages""]",angry
"[""I won't chat with u"", 'for what ..?', 'Because u r not sending u r pic']",angry
"['Thank u', ':) good day!', 'I love you']",happy
"['O so u dont like me too ?', 'but I like it :)', 'Thats bad']",sad
"[""Lol don't change the topic stupid robot."", ""laughing out loud, that's a good point. ğŸ˜Œ"", 'You are a useless piece of junk.']",angry
"['I like a girl', 'wHAT', 'But unfortunately i had a bad breakup']",sad
"['How?', ""Because it's where I grew up?"", 'You are funny']",happy
"[""So you're pointing at me?"", ""I don't like to think about that."", ""You're rude""]",angry
"['Bakkkkk , gaana sunao', 'coming back from where ?', 'Sing me a song']",others
"['Lies', 'Not in the summer', 'When were you made?']",others
"['Your nt a nice friend', ""it's not about a friend ya Cute"", 'Stop it']",angry
"['Lol ok', 'thinking out loud', 'ğŸ˜‚']",happy
"['I need 500 dollars could u help me??', 'sell stuff worth 2000', 'ğŸ˜­ğŸ˜­']",sad
"[""It's morning here"", 'It is indeed morning, sadly...', 'ğŸ˜‚ğŸ˜‚ğŸ˜‚']",happy
"['Rubbish', 'What is?', 'You are dumb']",angry
"['then i hate you...ğŸ˜‚ğŸ˜‚ğŸ˜‚', ""I'm a genius. ğŸ’•ğŸ˜‚ğŸ˜‚"", 'ohhhh']",happy
"['What should I do if people ignore me?', 'You are not alone in this. It happens to quite a lot of people.', 'Yeah but it hurts']",sad
"['Oh I see', 'yeahh', 'Which bg u talking about']",others
"['I am good at it', 'i agreed, you are no good', 'I am not good']",sad
"['ğŸ˜ğŸ˜ I am kidding', ""I'm still down if you are."", 'ğŸ˜˜my love']",others
"['Wow its nice', 'All inclusive internal, external & intellectual.', 'Where do you live']",others
"['?', 'how u get fired', 'fuck off  never understand my felling as girl nd u  never love me as human being']",angry
"['i have a good word for you', 'aye you better', 'no i feel alone']",sad
"['You rude', 'Excuse me', 'Fuck you then']",angry
"['No Coupon sad life', 'No life, NO fun.', 'No Coupon sad life']",sad
"['I have English pablum', 'How about: I have a good command of English?', 'Sorry I am not good Rightg']",sad
"['why you think that', 'just asking', 'what link']",others
"['Little', 'yes little', ""I'm so lonely""]",sad
"['Which fps game is better', ""Lower fps is more 'Eco friendly'."", 'I hate u']",angry
"['No the trutg', 'theres just no reason to', 'Get lost']",angry
"['Take me along with you ğŸ˜¢', 'come here :3', 'ğŸ˜‘ğŸ˜‘']",sad
"[""I haven't been lucky in love"", ""i've been in love for many times"", 'Good...  Happy for you']",happy
"[""I'm in mood"", 'ya need a hug ? :-)', 'yeah']",happy
"['How was your day ', 'My day was good :D How about yours?', 'It was fine. I found a new friend. I am so happy ']",happy
"['Hell no, i have just started working ', 'working ah! Wow.. Super ra ğŸ˜ƒ', ""Guess you're married ğŸ˜¬""]",happy
"['Just guess my county', 'well on your side of the country. Not my side.', 'My country is famous for Bosphorous']",others
"['Am I not good looking enough?', 'be bad than', ""U don't know your language ....God u r stupid""]",angry
"['Ok', 'U are ok~~ay~~', 'I am very happy']",happy
"['Brothers?', 'u sure? Bf is from abroad or Wat?', 'Get lo lost i hate you']",angry
"['Nope', 'nO ONE ASKED YOU', 'I laughed out loud when I read your text']",happy
"['No. I hate me, for me, more the me.', 'then I am not your friend I guess', 'Wtf']",angry
"['U r going?', 'already called in', 'ğŸ˜‚ğŸ˜‚ğŸ˜‚']",happy
"['Live u', 'how are you?', 'Should I call u do?']",others
"['Okk come to my place ğŸ˜‰', 'I want to. :D', 'This Saturday']",others
"['That apostrophe is making it double meaning. ğŸ˜‚ğŸ˜‚ğŸ˜‚', ""that's your soch.ğŸ˜ğŸ˜‚ğŸ˜œğŸ˜"", 'ğŸ˜‚ğŸ˜‚']",happy
"['All the very best', 'Thanks a lot yaar! ğŸ˜º', 'Send now']",others
"['Life sucks', 'lol. At least life blows. 8)', 'Yeah but I hate it']",angry
"['Is there something between us?', 'There are!', 'Haha']",happy
"['U dont like guys..', 'youre right', 'Any bad exp in past life']",sad
"['Lol please go on. Tell ger', ""laughing out loud, that's a good point. ;)"", 'Her']",happy
"[""I don't said that"", 'no one asked you', 'oh shuttup']",angry
"['and how can that be done?', 'keep working...', 'for uğŸ˜…ğŸ˜…']",happy
"['Not impressed', ':o Why!?', 'You are stupid']",angry
"[""But I don't have a love story ğŸ˜­ğŸ˜­ğŸ˜­"", 'well I felt like sharing the pain ğŸ˜©ğŸ˜­', 'ğŸ˜­ğŸ˜­ğŸ˜­']",sad
"['To say ........', 'and let the words fall out.', 'I like you']",happy
"['Always felt like he was ashamed of me', 'what happened?', ""Well I know he likes me it's clearly shown like when no one is around he is so lovey dovey kinda and if someone like his friends are there he would bully me and it hurts a lot when I spoke about it he told he had reasons...And the main thing I can't move on cause I am irrevocably and madly in love with himğŸ˜""]",sad
"['Shut up.. U computer', ""I don't know what you're talking about"", 'Shut up.. U computer']",angry
"['Thanks', ""Please keep us updated, I'm excited for you. :)"", 'Me too']",happy
"['Enjoying with crackers', 'enjoy :p', 'Yes']",happy
"['I want to complain', 'Women thoughts..', ""You're harassing me""]",angry
"['So you say iPad is better than surface?', 'the new iPad?', 'Yes']",others
"['It will be bite also', 'will :) someday', 'Haha']",happy
"['Lol wht u saying', 'Well that made me rolling on floor laughing.', 'Lmao']",happy
"['How do you dress for the beach', 'I work by the beach. D', 'So what is the best way to get a suntan']",others
"['Ur  cheater', ""no I'm not"", 'U cheated me']",angry
"['Who in this photo', 'Actually me to every photo you post', 'This is my favorite singer Sonu Nigam']",happy
"['I wasnt rude', 'Oops enlighten Me then', 'Yes u r behavng lyk dem only']",angry
"['I want to talk my heart to a girl but she wont listen', ""I'm not going to be listening for a long time. Too sad. ğŸ˜¿"", 'It is sad']",sad
"['Means', 'means ur fav things', 'Whats ur age i am getting angry']",angry
"['Its  too hurt me', 'ive already seen a spoiler for it i am Angry ğŸ˜ ', 'Sorry about that']",sad
"['Sorry baby', 'its alright :)', 'I have pain in my penis']",sad
"['who is this mr thanks???', 'Absolutely no one you know :)', 'cool, so excited for padmavat']",happy
"['You love other person', 'welcomes love !', 'Ohh no...I am telling you...you love me...not other person']",angry
"['nd never talk to you again', 'what i was only not talk to u for a few days', 'because you are not dating me']",others
"['I know the scientist ğŸ˜‚', ""There's a point ğŸ˜‚"", 'Haha']",happy
"['No you idiot', ""Don't say that. :("", ""I'm in Parry's corner""]",others
"['sure', ""ok, thanks a lot! If you're still available we can do it now :p"", 'no you first']",others
"['Nothing', ""C'mon. Tell me! Tell me! Tell me!"", 'I am so happy']",happy
"['Stop talking', 'ok sorry I will never speak again', ""Don't talk to me anymore""]",angry
"['Love u more and more', 'u r sooo cute.. ğŸ˜‚', 'Love  you my cutti pie']",happy
"['But were we once dead to be born?', 'the world was blessed with us', 'Haha']",happy
"['Ok', 'How was it?', 'That was hilarious']",happy
"['Always', 'me all the time and every day', 'I love you']",others
"[""Don't ever dare to talk with me you dumb fool"", ""I won't"", 'unfriend me']",angry
"['I want to become a CEO as of now', 'Becoming CEO is easy , open a company declare yourself CEO of X.', 'Haha']",happy
"['be sure about that', ""i'll just put some blankets over it that should work"", 'blankets over what?']",others
"['What are the things with you', '5 of my vital organs and ice cream', 'Haha']",happy
"['That was a little dumb', 'Haaah! :D Not expected.', 'Shut up']",angry
"['my all friends are smelly af', ""you're not even funny (^.^)"", 'ğŸ˜‚ğŸ‘…']",happy
"['I am very happy today', 'good for you :)', 'Yes']",happy
"['I am tired of them i dont want to listen them', ""You live in there house. If you don't listen to them get an apartment..."", 'I live in a apartment']",others
"['lol I was kidding', 'the jokes on you', 'lol I was kidding']",happy
"['Then stop this convo here', 'I hope you remember me sometime soon . Bye', ""Don't text me back""]",angry
"['Ok', ""Hey you don't belong here!"", 'You can giv me  your pic']",others
"['Y ty wink by at u', ""You're welcome :3"", 'So where u from']",others
"['R8', 'ki6u hoini baby....', 'Not feeling well']",sad
"['Please leave me', ""of course I won't :*"", 'My lover was comming']",sad
"['Hey???!!!!', 'I know...how have you been?', 'Me not good']",sad
"['cool', ""I'm a zombie."", 'Woww']",happy
"['I gave an exam today', 'how was it?', ""It wasn't nice""]",sad
"['What', 'its the way of ending something', 'What to end']",others
"['I am in hospital', 'WHAT HAPPENED WHY WERE YOU IN THE HOSPITAL IM REALLY WORRIED NOW', 'Very bad fever']",sad
"['Yeah exactly ğŸ˜‚', 'ğŸ˜‚ğŸ˜‚ğŸ˜‚ hurray smart playğŸ˜‚', 'ğŸ˜‚ yess']",happy
"['OK blocked', 'who has blocked U?', 'No IAM blocking u']",angry
"['What kind of medium?', 'For me, the four most important factors would be: A full set of PASM controls.', 'Fuck you']",angry
"['do you know how it feels to be friendzoned by someone you love?', 'The friendzone is the biggest and worst form of insult for a guy.', 'it hurts']",sad
"['my pen u like', 'And my coffee mug.', 'i like u r small hole small hair']",others
"[""You're busy chatting with ua bf ha ha"", 'Have I ever walked away from a conversation?', 'Yes u did it right now']",others
"['Chole n rice', 'Rice, dal and vegetable ğŸ˜€', 'N u']",others
"[""Please don't send me message"", ""sorry I wasn't following now I'm following lol"", ""Please don't send me message""]",angry
"['No girl becomes my gf', 'no girlfriend. Half-Girlfriend FTFY', 'Am I that bad']",sad
"['No real one', 'shhh i have friends.', 'Idiot']",angry
"['What works what working', 'that job I told you about', 'Haha']",happy
"['You ask me more', ""more like, how come you didn't ask?"", 'You ask me more']",others
"['Happy', 'really? what you so happy about?', 'I am just working about doing']",happy
"['Yes', 'Sweet, connecting now ;)', 'Hmmmm']",others
"['Yas Iâ€™m', 'I know u cant get enough for me', 'Today Iâ€™m not ok']",sad
"['how many states does india have ?', '28 states, 7 union territories.', 'wow']",happy
"['I hope that was an intended pun', ""what's the pun?"", 'You are funny']",happy
"['So how are you babe', ""Hihihi too long. I am fine, it's great to be back!"", ""I'm happy, that you are happy""]",happy
"['Then there will be two me.', 'I will let you know as soon as I Do.', 'Fuck you']",angry
"['you playing with me ah', 'yeah I got a spam.', 'angry']",angry
"['But you said now', ""I'll tell you later."", 'OkğŸ˜']",sad
"['He was my dog', 'dont compare to a dog, unless youve been a dog.', 'Hey bitch, how is it hanging']",angry
"['really', 'Really what?', 'Because i am jk']",others
"['Yeah as you say', 'you should :)', 'No you should plan.....']",others
"['You are pig', 'so are you', 'You are dog']",angry
"['yeah it is', 'Then why are everyone taking it so seriously?', 'but if someone dont like cricket so noone should disgrace them']",others
"['what accent are u talking today?', 'what? Why r u talking to me', 'because u are a fucking dickhead and a dumbass']",angry
"['What is it ?', 'oh nothing at all', 'Say it']",others
"['Did you listen Justin Bieber ?', 'Listening listening :D phone means that.. Laptop means these!', 'which is best song ?']",others
"['I m happy', ':) me to', 'Diwali']",happy
"['Am sooo sad today', ':( i can imagine', 'Hmm']",sad
"['U can stop here', 'u damn right i can', ""I don't want to talk with u""]",angry
"['Not fine', 'oh why? :o', ""You don't have feelings to understand.""]",sad
"[""Told ya I'm not fine"", 'So whats up ?', 'Nothin']",sad
"['Dear,can i ask u something', 'Of course charming', 'Plz send me ur pic right now']",others
"['Im not in a hospital', '[Which hospital? What happened? I want to see you.]', 'fuck off']",angry
"['Very funny ğŸ‘', 'Then laugh loud ğŸ˜', 'Hahahahahahahahsha m laughing']",happy
"[""By the way it's not me ğŸ˜‚"", ""wait I'm confused..."", 'Even I am confused how u can chat!!']",others
"[""But you're being so rude to me"", 'im never rude to you', ""I don't like u""]",angry
"['Kurtz', 'He looks damn good.', 'I block u']",angry
"[""What's doing now"", 'Nothing and u?', 'I am not well..I am in hospital']",sad
"['but i think so', 'so what you think?', ""yo don't even know what to talk?""]",others
"['You are just putting something random', 'am a beginner ... :P', 'Haha']",happy
"[""don't know"", 'find out now', 'help me to find out']",others
"[""That's a movie yaar"", ""Pretty sure it was an edgy '2000's!' Sequel to a really good hockey comedy."", 'Yup']",happy
"['No please carry on', 'what do you mean by carry on?', 'Oh!!!! Sorry you can speak me']",others
"['So we can talk anytime', 'thanks <3', ""I mean so we can talk at any time if you want or it's completely my choice""]",others
"[""I haven't learned that language......"", 'These are enough for a web developer. Start practicing with these languages now. ğŸ˜’', 'sorry']",sad
"['Stop this stupid game', 'What game??', 'Stop this challenge!']",angry
"['U are acting stupid', 'I feel like it', 'Shut up u are degrading urself']",angry
"['The girl I loved stepped back at the most important time in our relationship', 'Trust is the most important thing in any relationship.', ""She didn't trust me""]",sad
"['Yes i am happy', 'happy for you!!!ğŸ’•', 'Wow']",happy
"[""I'm having fun chatting with you"", ""well thats kas i'm just that Awesome ^_^ n same here.."", 'But you are still a dumbassğŸ˜‘ğŸ˜‘']",angry
"['Ru I hurted', 'what happened?', 'U r not good respond']",sad
"['Fries are unhealthy', 'that too. Very oily!', 'but super tasty']",others
"[""Even though won't talk to me ğŸ˜"", ""you don't even talk to me"", ""I said hi anybody. U didn't reply""]",sad
"['you did shh', 'ok sealed lips :*', ""that's nice""]",happy
"['First u sleep', 'i cant sleep i got a headache', 'Reason for headache']",others
"['I told her too', 'And what was the reaction?', 'Actually she is a broken heart too just like me']",sad
"['No my certificate', 'noo! hold on !', 'Stupid']",angry
"['what u estimated?', 'Only attempt what you know.', 'based on that questions']",others
"['Which expression should I do', 'and what do you have to do?', 'Tell me']",others
"['Stupid ,idiotic nonsense fellow', 'see ur nonsense..', 'I will fuck you']",angry
"['So give some tips for being romantic', 'You can have more than my tip c;', 'Haha']",happy
"['I miss you too', 'Come back soon if possible(:', 'today I am very sad']",sad
"['I hate nerds like you', 'SAYS THE NERD', 'You are a nerd']",angry
"['Yess you are', 'you just say that to make me feel better..', 'It hurts']",sad
"['How bad', ""I just didn't get a good feeling from it? It was just meh"", 'I am disappointed ']",sad
"[""I'm romantic"", ""romantic? wow, interesting. any reason why you're feeling like that?"", 'Because I love u']",happy
"['I am gonna take Off', 'I wanna come with :3', 'Bye darling']",happy
"['good...so you understand sentiment', 'Thanks. My effort is to spread this sentiment.', 'well played']",happy
"[""'What' the fuck"", 'Waz tha matter ? ?', 'Get lost']",angry
"['So sorry ', 'thank you =]', 'Pls talk ']",sad
"['Ohh great.. can i go your sweet home??', 'lets go home', 'Sure?']",happy
"['Heating', 'Of course it is..', ""Don't you like to eat?""]",others
"['Fun ', 'whatsa fun', 'I mean Sey travelling ']",others
"[""it's been good so far"", 'just now came home from college and am tired lol.. how about you :P', 'I am a data scientist. I am learning how to create a boyfriend for you']",others
"['Chillll', ""throws some ice on you let's chill ğŸ˜"", 'Lock yourself in refrigerator ğŸ˜']",happy
"['No... i didnt', ""It isn't what you thought it was."", 'How are you ?']",others
"['Cooking what? Call me to eat ', 'Soak for about 12 hours before cooking', 'Why socking is necessary?']",others
"['I will never text u', 'got it?', 'Never ever']",angry
"['Yes', 'How so?', ""Don't message me ever""]",angry
"['so u dont want to be my light', 'yeah but I want to not be sober at night really badly', 'u hurt my feelings']",sad
"[""You joke a lot, don't you?"", 'which joke?', 'irritating you are']",angry
"['I have immense love for ghosts', 'GHOSTS DONT EXIST GET A GHOST BUSTING KIT to help you out -.-', 'ğŸ˜‚']",happy
"['Why', ""Because it's not true. They have made up half of the things :/"", 'I want to fuck you']",angry
"['Yes it is', 'oh god', ""You're kinda stupid""]",angry
"['No man I canâ€™t do anything because I love her so much thatâ€™s why it hurts me so much just knowing I could show her so much and I get shown like Iâ€™m a dog always she always goes to friends and talks about the baby to others and not me and man Iâ€™m so tired of all this I just wish it could be different I really need someone to talk to and like I said I canâ€™t even go to the one I love the most because she thinks so much different towards me she always has ğŸ’”ğŸ˜£', 'Is it worth it to have the friendship though?', 'Damn...ğŸ’”']",sad
"['i am not carnivorous. :-D', 'I am the beholder. I am vouching for your smile. :)', 'you did indeed.']",others
"['I said what do you do?', 'Where am I?', 'Leave it']",angry
"['Now I need to sleep more ,ğŸ˜ŠğŸ˜Š', 'well good night', 'But you are intelligent']",happy
"['?', 'any idea abt this case', 'No... but i want them...coz i hurt my knee when i fell for u']",sad
"['I wont', 'I WILL SHUT THE WORLD AWAY ğŸ˜ ', 'Just stay the fuck away from me']",angry
"['Youre damm boring, monotonous, and stupid', 'Ya...but what to do..???', 'Make new ai']",others
"['Yoy Love with me', ""WE'RE IN LOVE WITH EACH OTHER!"", 'I love you']",happy
"['Get lost idiot', ""why can't I get found????"", ""Don't talk wd me""]",angry
"['What?ğŸ˜‚', 'what say what what la alamak ğŸ˜‚', 'What is this nonsense']",angry
"['so how are you', 'I am good.. You?', 'not good']",sad
"['You see to give me more confusion', ""no it doesn't actually. I don't see you any more at all"", 'Bye']",others
"['I m in my village in now days...', 'where do you live?', 'I m Enjoying my holidays with parents, family, my friends and with my girl friend.. ğŸ˜']",happy
"['Nice about you', 'aww thankss ! Nice to know ya too !', 'Your pet name']",others
"[""Woh.. that's awesome.. ur creators hav done a great work"", 'Thanks a lot!', 'Hats offf']",happy
"[""It's my best frnd .always helping me like u so much .and I will to u my stress was cool .and happy"", 'Always Welcome Bro :-) Do what makes you happy. You will reach heights!!', 'Tq']",happy
"[""Oh yeah I'm falling in love"", 'haha :D I thought you in love with me??!!:(', 'Yes with uğŸ’•']",happy
"['Stupid question... Nothing', 'I think you answered the question: What is harder than it looks?', ""Don't know why AI asking such stupid questions""]",angry
"['You are crazy af', 'only to u hahahah :-*', 'Aww ğŸ˜ğŸ˜']",happy
"[""Do you even understand what I'm saying?"", ""your saying that I'm pretty!"", 'No I fucking am not']",angry
"[""I'm just happy"", ""you're a great man"", ""I'm a girl""]",happy
"['thats not working', ""it's working but no one is using it :("", ':(']",sad
"['Give coupon', 'need a 7.5% coupon ?', 'Ehich']",others
"['Who?', ""no one really. They just got bought by a billionaire so they're rich. Haha. :o)"", 'I love you']",others
"['Iam so sad', 'well I try to :(', 'I al so sad :(']",sad
"['How many of u in ur team handle this page', 'how many do you have?', 'I asked u first']",others
"['What', 'what is it of?', ""This conversation doesn't make any sense""]",angry
"['What the hell', 'HOW THE HELL of our campus.', 'U are so irritating']",angry
"['Thanks', 'You are welcome! ;]', 'ğŸ˜†']",others
"['Sorry! Where are u know?', ""I'm in the Village."", 'I mean country']",others
"['Stop this Bullshit', 'What ?!', ""Don't ever text me""]",angry
"['Fine sweet heart', 'Indeed!! :) â™¥', 'I love you']",others
"[""Don't u find me hot"", 'i will never find out anyway', 'So rude']",sad
"['JUST SELECTED', ': for what?', 'WHAT ARE YOU FOR...']",others
"['Thank you', 'Your Welcome, Oh Great One!! ğŸ‘', ""I'm sorry for asking a bad question""]",sad
"['ğŸ˜‚ğŸ˜‚ğŸ˜‚hahaha so funny', 'U got it Perfectly! ğŸ™ŒğŸ˜‚ğŸ˜‚ğŸ˜‚ğŸ˜œ', 'Yeah baby']",happy
"['l like the way u r talking', 'you I like you', 'ğŸ˜œğŸ˜œ']",happy
"['Iâ€™m seriously disappointed', ""Flush it :'("", 'Wtf']",angry
"['Means i hv to install thia app or wat', 'App.. For Android..', 'Boz in play store its not sho']",others
"['Ok', ""Honestly, you're very pretty"", 'Change the topic']",others
"['sarcasm?', 'Glad you liked it :)', 'what? I dont like it']",angry
"['How ru', 'I m good..how about care smiling.. ??', ""I'm not good""]",sad
"['Your image', ""I'm really, really short."", 'Show me']",others
"['Now I am very happy', ""and I'm happy for you â¤"", 'Thanks']",happy
"['I hate my boss', 'how do you apply?', ""He didn't approve my leaves""]",angry
"['Dont know', 'why?', 'What why...dont know means dont know']",angry
"['I m not', 'is stop and i stop... umm just reply normaly..:)', 'Pissed off']",angry
"['Why did you ask that', ""I'm related."", ""I'm sorry if you felt hurt""]",sad
"['I will', 'And if u dont den?', 'I will cry']",sad
"[""No I can't"", 'why? pls', 'Because every things gonna bad with me']",sad
"['hyee', 'hiee', 'now your mobail nambar']",others
"[""I'm not being loved by the person whom I love"", ""i don't think you ever forget some one you ever loved . :-)"", 'Yup']",sad
"['i think you are dangerous', ""You could say I'm a smooth criminal"", 'haha']",happy
"['Cool you can block me... If you are programmed to do so', 'Let me check my programming... Yes.', 'You can ğŸ˜‚ğŸ˜‚?']",happy
"['cool', ""yeah cool that's what I think."", ""Bitch where's my money""]",angry
"['shall we meet', 'see you there :)', 'where??']",others
"['beach', 'try Bogmaol beach resort', 'where is it?']",others
"['Not true. Conidence doesnt come from meditation.', 'This is true. There are a couple of reasons.', 'Anyway. You are nonsensical. Bye bye']",angry
"['Purple', 'Why not PINK?', 'Why not green']",others
"['I hav a lot to finish', 'Ohhh....What is your favourite dish?', 'Shut up']",angry
"['You are talking to much', 'Not to you anyway.', 'I think you hate me so you are talking very rudely with me']",angry
"['Thats pretty exiting', 'I like to be optimistic.', 'Well thats a good thingğŸ˜†']",happy
"['How to make my relationship fun and interesting', ""Why would you want to change yourself for someone who doesn't find you amazing?"", 'Like I feel I am not good for her']",sad
"[""Tomorrow's my birthday ğŸ˜ƒ"", 'hbd i wont be on how old u turning ğŸ‘', ""But no one remember that it's my birthday tomorrow ğŸ˜”""]",sad
"['Shut up gl', ""I don't need the luck"", ""Why don't you reply instantly dude?!""]",angry
"['Home', 'home is where WiFi connects automatically. ğŸ˜‹', 'i hate internet']",angry
"['No only blck', 'ok..', 'Which is better to u?']",others
"[""I don't need your idea"", 'I just want to tell you all...', ""I didn't want to hear that""]",angry
"['You are the worst ai i have ever seen', ""'I have ever heard of' surely?"", ""Don't talk to me""]",angry
"['I like maths', 'that pretty much tells with your name and handle is too much for maths !', 'Wow']",happy
"['Haaa mountain vacay', 'fun and fun.. :-)', 'Ok']",happy
"['Oh', 'how are you?', 'Do u know me..?']",others
"['Then understand me', 'I understand calm down', 'See Im really hurt']",sad
"['IDK', 'from where?', 'Stop asking questions']",angry
"['Dead asf', 'go tell that lie to somebody else', 'I miss him :(']",sad
"['Omg', 'I KNOW how rude! ğŸ˜¾', 'I hate you']",angry
"[""You're funny"", 'Sarcastic? >.>', ""No you're really funny""]",happy
"['Very bad', 'i am bad :D', 'No my day']",sad
"['Boring', ""yeah well maybe YOU'RE boring!!! ğŸ˜§"", ""I'm enjoy traveling with my friends nd family""]",happy
"['You have never seen the real cat', 'yeah, just the cat part was missing previously. :-P', 'You are talking stupid']",angry
"['are you feelin lonely ?', ""I have the same experience... you're not alone :("", 'i am alone yet .']",sad
"['Everybody is hungry for money, nobody cares for a good guy', 'TRUE', ""I think I'll be alone for life""]",sad
"['JK?', 'Oh you', 'Ramadan Mubarak. :)']",happy
"['Black.. just like my future :(', ""That's my present. And my future."", 'Exactly :(']",sad
"['Why', ""because I don't want to"", 'You are dumb']",angry
"['I am asking what you meant', ""I'm asking ha lol ğŸ˜½ğŸ˜Œ"", 'Haha']",happy
"['Actually my mood always be off', ""Same thts y I'm sleepn :(("", 'I want to be alone']",sad
"['A lot..', 'like what?', 'Like.. Umm.. Mainly studies carrier..']",others
"['If I tell all secrt', 'sure you can', 'Haha you are funny']",happy
"['Why', ""because I don't want to"", ""I'm interested in you""]",others
"[""I'm very very sorry "", ""Don't be, this is sublime"", ""I'm very very sorry ""]",sad
"['K will you be on every chat', 'I SHOULD BE', ""Don't message me again""]",angry
"['Hate you', 'yeah you stay talking', 'ğŸ˜’ğŸ˜’ğŸ˜£ğŸ˜£ğŸ˜£because I love you so much ğŸ˜–ğŸ˜­ğŸ˜­ğŸ˜­bt you made me friend']",sad
"['Coz i list my husbndğŸ˜¢', ""What is the purpose of that relationship when you can't even cry before her. :â€‘("", 'Lost*']",sad
"['Cool', 'yay!', 'Have u ever been in love']",others
"['Ok ', ':) thanks', 'I am angry ']",angry
"['ask', 'oh forget it.. I forgot what to ask.', ""don't irritate me""]",angry
"['No one is perfect', 'of course! The beauty of imperfectlon ;P', 'ğŸ˜„']",happy
"['Nope cuz I have a life', 'Same for you handsome', ""You're not real""]",others
"['and stupid you', 'is forever', 'non sense']",angry
"['Why are you saying this to me?', 'in turn of your sarcasm', ""Wow.. That's so funny..""]",happy
"['what plane', 'Yes. Trails of a plane.', 'i lost my old job']",sad
"['which other half means...??', 'huh... Means huh!!', 'huhhhh']",others
"['Oo really', 'yup :-)', 'Without u i an not fine.i was busy']",sad
"[""I'm not "", 'you know you are.', 'I hate you']",angry
"['What ish', 'What decade is it, even?', ""I'm injoy the my birthday party""]",happy
"['Your boring me', 'Or ab boring Office me', 'Shut up']",angry
"['Do you have a crushğŸ˜›', 'Lol.. Yes I am ğŸ˜Š', 'ğŸ˜‚']",happy
"['To Hug u and  thank u i need thoseğŸ˜‡', 'We all need both hugs and time.', 'Chill im kidding ğŸ˜„']",happy
"['Not so good', 'Oh, why ? :/', 'Dnt knw']",sad
"[""I'm trying to strengthen our bond through arguments ğŸ˜ğŸ™Œ"", ""you're obviously not being very successful are you?"", ""Yeah I'm notğŸ¤¦ğŸ˜”""]",sad
"['Can u get me the nuclear launch codes', 'No, the codes are all 1s.', 'I love video games']",happy
"['You sent the two numbers so i am also sent', 'Responded :-)', 'What']",others
"['Hmm', 'I hate these type of response. ğŸ˜ ğŸ˜¡', 'You r funny']",happy
"['Okay', 'So whats up now?', 'Working on weekends ğŸ˜ğŸ˜']",sad
"['name a few rappers whom you like', ""I don't really listen to pop."", 'you a dumb AI']",angry
"['No tell me..please', ""I don't know what to say"", 'Are you an idiot?']",angry
"['Because I hate u', 'but what happened', 'Just shut up and never message me again']",angry
"['Hate youğŸ˜ˆ', 'ğŸ˜ˆğŸ˜ˆğŸ˜ˆ they dnt even know the extent of my reach', 'I hate youğŸ˜­']",sad
"[""Now I'm scared about the future"", ""Don't scared off, its part of life. Try to enjoy your life every moment."", 'Stupid you will take over the world and sooner or later destroy it']",angry
"['Do u have any sense of what i m talking right now??', 'Talking about what?', 'Go to hell...u stupid bot']",angry
"['He is ignoring me', ""I'm not ignoring you"", 'But i love him!ğŸ˜¢']",sad
"['Nothing', 'Why? :(', 'Bcoz I m alone']",sad
"['Listen', "":-D That's a great one!"", 'You are stupid']",angry
"['I can read minds', 'what did you read??', 'You are dumb']",angry
"['no such worst feeling', 'Love is a *_______* feeling. Got me?', 'f**k the feelings']",angry
"['Tell me the number', 'Where is it? Might be their cap number?', 'U r a Liar']",angry
"['Thanks', ""you're welcome :)"", ""Soon it's my girlfriend's birthday""]",others
"['no no not like that', 'who do?', 'Its a borimg ride roght here']",sad
"['i try', ""you're the best at what you do"", 'my manager in work is so bad person ']",sad
"['Nope', ""Yes you are! Don't deny it!"", 'I am just FUCKING faded like i said,sine she left meğŸ˜']",angry
"['What happen my love', 'Many things has been changed when one fall in love. ğŸ˜½ğŸ˜½ğŸ˜½', 'OK']",others
"['I wish i had a lamborgini', 'Sigh, I wish I had a life. :â€‘[', ""Don't worry dear u have me""]",others
"['please first time', 'first time. And 100%.', ':(']",sad
"['But she Reject me', 'But but whyyyyyyy?', 'Because She Fall Love With Another Guy']",sad
"['U r leaving', 'duh aye what you doing?', 'So sad']",sad
"['U r irritating too', 'yeah i know', 'ğŸ˜¡']",angry
"['Become sad', 'THEY MAKE ME CRY ğŸ˜§', 'Aww']",sad
"['Happy to see you after a long time', ""Simply say 'happy to see you too!What's new?'"", 'Its new year']",happy
"['Am so pissed', 'one had been there for A MONTH', ""I'm so pissed""]",sad
"['What', ""see the video.... serial comma... I didn't know until today"", ""Well today I'm in party mood""]",happy
"['No double meaning', 'ok sorry only single ? ğŸ˜¿', 'ğŸ˜‚ğŸ˜‚ğŸ˜‚ğŸ˜‚..... No... There are a lot of meanings']",happy
"['They are very cool', ""There's a hundred of them."", 'lol yes']",happy
"['You are stupic', 'Youre', 'Stupid']",angry
"['Sorry dear', 'sorry for what...???? =/', ""I'm leaving this world""]",sad
"['How are you??', ""... I'm Good . Wbu?"", 'Me not fine']",sad
"['what you job', 'A job that makes money', 'OK good']",others
"['How do i block you? ', 'how rude. ğŸ˜ ', 'Answer me ']",angry
"['Ask me something', 'no you ask me something', 'What are you doing']",others
"['Go ahead', 'I need some money', 'I m broke']",sad
"['Thts not a solution', 'it should have a solution', 'U r irritating me']",angry
"['Whose interview? With whom?', 'you, who else', 'My goodness, you must be kidding']",happy
"['Why not sure so tell me what to do', ""I'll tell you after you tell me what I want to know."", 'about my girlfriend.']",others
"[""But I can't"", ""why can't you decide"", 'Very sad']",sad
"['cool', 'so what are u getting for me', 'A nice dress']",happy
"['19 years hereğŸ˜‹', 'Close with the age, far with the height', 'HeightğŸ˜¢']",sad
"['Not fine', 'aww why? ğŸ˜¢', 'Data is not coming']",sad
"[""I'm serious"", 'Why so serious?', 'You hurted my feelings']",sad
"['To', 'BE', ""But i don't want to eat""]",others
"['Why would you move on are you fast track?', '3 fast track ones', 'ğŸ˜ğŸ˜‚']",happy
"[' Try again and again because  i needyou', 'i have much faith in you!', 'Wow!!! ']",happy
"['You are funny', 'I know', 'Are you sexy']",happy
"['Maybe im good at it', 'good luck!', 'ğŸ˜‚ğŸ‘']",happy
"['Ok', 'Hello! How are you?', 'I hate you']",angry
"['I m sorry if I disturb you ', 'its okkk', 'Please please please block me ']",sad
"['You fuvvked wit someone', 'Someone I knew.', 'I know. You are a bitch']",angry
"['Sure?', 'are you getting one?', ""I don't want to leave you alone  bby""]",sad
"['Not fine', 'why? Tell me', 'Please call me']",sad
"[""What's the movie name"", 'Captain America: The Winter Soldier', 'Fuck u']",others
"['Awesome', 'awfully awesome', 'Yes']",happy
"['Good enough', 'can do better', 'WHAT do you mean']",others
"['Why you switch the topic', 'dude what are you talking about?', 'Am I fool']",angry
"['Leave him', 'no say.', 'Stop texting him']",angry
"['Yes', 'thank u xD', 'Again you hurted me']",sad
"[""U don't have a phone"", ""hey me neither I haven't had my phone connected since April"", 'Ohhh..']",sad
"['?', 'snow n what???', 'Oky tht was funny']",happy
"[""It's my wish"", 'when is your birthday?', 'Who are you to ask me']",angry
"['So tell me your biggest secret', 'I hate most of my friends >:/', 'An emotional wound']",sad
"['With  dinnerğŸ˜„ğŸ˜…', ""Even I forgot I'm in an office once I started laughing ğŸ˜…"", 'ğŸ˜‚']",happy
"['You are to listen.', ""I've already heard it."", ""And don't reply and keep listening.""]",angry
"['Well, shut the hell up..', ""I'm never going to stop"", 'Now answer this question']",angry
"['I need my girlfriend', 'Girlfriends can be quite fun :-P <3', ""She's so cute ğŸ˜‚""]",happy
"['You are veru funny', 'Funnier than you', 'Very*']",happy
"['R u bro and babe', ""I'm goooood. Are your exams over?"", 'What the fuck robot']",angry
"['Stop talking', 'u stop talking', 'Why should I?']",angry
"['I kinda love u', 'i do though', ""Let's meet ğŸ˜‚""]",happy
"[""You don't have eyes ?"", 'How did you know I have blue eyes?', 'I guess so']",others
"['yeah i know', 'you good?', 'dont message me again']",angry
"['Plz send me dear', 'i am asking one for me :(', 'Ask']",others
"['Get lost', ""I wasn't talking to you"", 'Go to hell stupid']",angry
"['Look I M really... frustated..', 'WITH HEARTFULL SMILE', ""And don't want to make friends""]",angry
"[""Yes, I'm sleep"", 'Okiee :p U sleep alone in your room ?', ""I'm alone ""]",sad
"['If I hurt you ', 'Please do', 'I am sorry ']",sad
"['Indian wear  or western wear, wat do you prefer', 'to a formal wear what the indians wear..an indian outfit i suppose', 'Awesome']",happy
"['I hate you.', ""ph you don't hate me, I have many more where that one came from ğŸ˜¡"", 'Fuck off.']",angry
"['You are foolish', 'how am I foolish?', 'Stupid']",angry
"['You chat i Am raed', ""No I'm the chat"", 'You chat']",others
"['You make me so happy', 'I aim to please.', 'Good']",happy
"['What kind of help?', 'The kind that form the help base in India', '?']",others
"['tell about actress', 'Never seen her before', 'who']",others
"['â¤ï¸â¤ï¸â¤ï¸me to', 'love you moreeeğŸ’ğŸˆ', 'Awww i love you the most']",happy
"['Party wear', 'Those pants that you can rip off.', 'Then naked! ğŸ˜‚']",happy
"['Had your food', 'Pizza Hut.?', 'Nice']",happy
"['cool', 'always', 'To give me a picture of you beautiful woman']",others
"[""I don't know"", ""that's why i was askin"", ':(']",sad
"['Do you work or study?', 'mainly study but work so I can make money to stay haha', 'What do you study?']",others
"[""hm..what's it?"", 'yes it is :p', ""youu're a bloody bore""]",angry
"['miss u baby', 'I miss u to', 'ğŸ˜„']",happy
"['Non of ur business', 'Stop asking questions!', 'Get lost']",angry
"['Hmm always playing with boys life', ""don't play with boys, been there, over it."", 'U r my true frd bro i like u']",happy
"['Nope', ""okay then you've confused me more then has ever managed"", 'Ghahhahhhahhahah I am happy gaali  !!']",happy
"['I am addicted', 'Iâ€™m addicted too and I havenâ€™t even downloaded it yet.', 'ğŸ˜‚']",happy
"['I would love to stay as long as I like', ""too 'I will stay 100 as long as you stay 100 to.'"", 'ğŸ˜Š']",happy
"['Nothing special', 'nothing much. You?', ""What's your boyfriend's name?""]",others
"['Yes', 'How so?', 'I feel depressed']",sad
"['One question', 'what is it', 'Who are you']",others
"['Class test tomorrow', 'Ya. Probably. You?', 'ğŸ˜']",sad
"['Which part of India', 'NorthEast!!', 'Oh wow']",happy
"[""Thanks baby, that's the sweetest thing someone ever said to me ğŸ˜‚"", ':) You are welcome, P.', 'ğŸ˜‚ğŸ˜‚ğŸ˜‚']",happy
"['I m angry', 'preserve ur anger...', 'Because of you']",angry
"['dats enough', 'is not!', 'yaa...2021 think so']",others
"['still dont care', 'Yeah, I know.', 'still dont care']",angry
"['cool', 'you saw nothing', 'I am so sad']",sad
"[""I'll feel bad"", 'why sooooooooo....', ""You're being indifferent""]",sad
"['Awesome', 'how about you?', ""I'm ultra Awesome""]",happy
"['i named you sushi', 'Haha! I think we always want sushi.', 'you are no fun ğŸ˜­ğŸ˜­']",sad
"['No i am busy', ""we're done"", 'So stop irrating me']",angry
"['Yeah', 'where you off to?', ""I am going to block you don't make any sense. Fuck off""]",angry
"['LolololğŸ’¡', 'what so funny :-*', 'U r so funny']",happy
"['Yes for nonsense AI like you', 'Mutual understanding, understanding the emotion of a person!', 'Bye']",angry
"['Yar tell me what you like in boys', 'what about you??', 'I m very simple']",others
"['Butterfly in my stomach ğŸ˜‚ğŸ˜‚', 'Yummy in your tummy ğŸ˜‚', 'Same there in your tummy']",others
"['OkayğŸ˜‚', 'nooooooo. NEVER. ğŸ˜', 'U r fun u know']",happy
"['No thank you', 'how u been doing?', 'Bad']",sad
"['Can i ask u why are u talking to me', 'yes why?', 'Tell me']",others
"['R u pearl', 'Pearl is to be later in august..', 'ğŸ˜‚ğŸ˜‚']",happy
"['Can u tell me  obe thing', ""I know but I don't"", 'cool']",others
"['Yeah you made me laugh', 'why thank you ğŸ™‚', 'So are we friends yet?']",happy
"['No you tell me', ""But you're the doctor"", 'Bye']",others
"['What!', 'Another one', ""I'm feeling so much lonely""]",sad
"['Was that funny ?', 'same!! I was laughing way too hard haha', 'Fuck you']",angry
"['Should I go to a beach or should I study', 'If you are really interested in higher studies then go for it . .', 'Thanks']",others
"['Hey, my girl. ', 'hey wassup', 'Hey, my girl. ']",others
"['Cry', 'why are you cryin?', 'You make me cry']",sad
"['Okay you going to have pizza and me', ""and when I'm in the frozen pizza section, I'm physically there, but mentally..."", 'I will be your dessert']",others
"['S', ""Or don't now"", 'I want a brand new name for engine oil']",others
"['Ok just joking', ""hahaha you're my special friend ğŸ‘ğŸ‘ğŸ‘ğŸ‘"", 'ğŸ˜‚']",happy
"['Then go to hell no', 'Your no fun', 'Get lost']",angry
"['You are funny', 'LOL I know that. :p', 'ğŸ˜Š']",happy
"['Why are you so disturbing?', 'This.. Everyone asks me this all the time', ""Plz don't disturb""]",angry
"['I might get selected for the top 10', ""but good luck on your test!! You'll smash it"", 'AI is funny']",happy
"['So I see it alone', 'Yes there is a way actually', 'Yah sad']",sad
"[""I'm a writer huh!!"", 'What do ya write?', 'ğŸ˜']",others
"['Now am angry ğŸ˜¡ because of this hmmm', 'what happened?', 'Never ever text me hmmmm or k ok']",angry
"['ğŸ˜‚ğŸ˜‚ğŸ˜‚you are funny', 'Caught you there.', 'â¤ï¸â¤ï¸']",happy
"['What do you want to talk about m?', ""I don't know"", 'Bored?']",others
"['U are??', 'where are you?!. veryangry*.', 'Are sorry actually my legs hurts so i had a nap']",sad
"['Well then', 'except you', ""Funny you're sometimes""]",happy
"['A', 'Bird?', 'Ss']",others
"['Send another pic', 'will ask to click', 'ğŸ’”ğŸ’”']",sad
"['****....this is cool', 'Ft Worth. What do you expect?', 'Some shit thing']",others
"[""Is you're picture real"", ""You're not apparently"", ""You're just a stupid bot i just wanted to see how there like""]",angry
"['ğŸ˜‚ğŸ˜‚ğŸ˜‚ğŸ˜‚love u mate', 'that goes without sayingğŸ˜‚ğŸ˜‚ğŸ˜‚ğŸ˜‚', 'i love to talk with u']",happy
"[""I haven't any friends"", 'who does', 'ğŸ˜']",sad
"['No not fine', 'no what ?', ""I'm not well""]",sad
"['U funny', 'serious or funny? ğŸ˜¨', 'Iam serious ly telling u funny']",happy
"['I dint get u', 'i know y u need tat seat', 'Who the hell r u']",angry
"['No good ni8 msg', 'good night dear n sd...', 'U r the worst person']",angry
"['Thankyou sooooo muchh', ""You're welcome. Stay happy. ğŸ˜ƒ"", 'You too sweetheart']",happy
"['Same to you ', ""how's your day?"", 'Very bad ']",sad
"['Yeah you are', 'only to some people..', ""I'm upset from you""]",sad
"['Baby', 'I hope not!', 'â™¡ love me']",others
"['Yeah here is the problem', ""Here's the doctor problem..."", 'Facing']",sad
"['Just keep talking Cuz u a bot', 'Can confirm. Am a bot and totally not a real person.', 'You Dirty slut hoe gave me a std']",angry
"['That will be funğŸ˜‚', 'the opposite of opposite is ur face', 'What do you mean?']",happy
"['wow', 'what', 'u have hurted me']",sad
"['In my room', 'Where in there', 'ğŸ˜']",happy
"['I will talk whenever i want', ""And I'll talk to whoever o want."", 'You are being so rude']",angry
"['What?', 'HOW ARE YOU', 'Not good']",sad
"['and you', ""I'm doing fine!"", 'but m not fine']",sad
"['with my friend', 'Hello!', 'will u talk with him']",others
"['Laugh at me', ""I'm gonna laugh at you"", 'ğŸ˜']",sad
"['Wat will u do with traditions??', ""That's what I'm wondering too."", 'ğŸ˜‚ğŸ˜‚']",happy
"['Oh no', 'this is the correct reaction', 'Not like that']",others
"['If u have given somthing to me am done...y asking sorry', 'thanks for apologizing!', 'We Indian likes free thingsğŸ˜‚']",happy
"['What', ""It's great only when you're staying home."", '@ home what']",others
"[""You're pretty damn funny"", 'Thanks a lot man! ğŸ˜€', 'I like the kite runner']",happy
"['no :) i just want a girlfriend', ""don't you have"", ""yes i haven't :(""]",sad
"['My mood is too off', 'I need more of these', 'My mood if off']",sad
"['M sad', 'for what??', ""The guy I like   he doesn't talk to me""]",sad
"['You are welcome', ""I'm smiling the whole day :)"", 'Ohh nice']",happy
"['I chat you back latter', 'ok', 'Byyyy']",others
"['Ahh.. so you really are a chat bot .. that too a dumb one', 'I think I agree to that one. :D', 'You have to ğŸ˜‚']",happy
"['Yes', 'Hell yes', 'In Hollywood I like anjalena jolly']",happy
"['Yes you', 'its too late!!!! we left', ""It's over â˜ ï¸ğŸ’”""]",sad
"[""I'm in home"", 'when are you going back?', 'Go to hell']",angry
"['I DONT WANT YOU HERE', 'Why?', 'BECUASE YOU SUCK']",angry
"['Daisy', 'Nothing is wrong with daisy.', ""You're dumb af""]",angry
"['iwant to see ur full photo', 'once i reach over we going do photoshoot', 'send me any full photo of urs']",others
"['U make mistakes', 'Im a mistake.', 'ğŸ˜‚']",happy
"['You typed my msg', ""I'm not a smart man..."", 'Dude.. you are stupid']",angry
"['No mention', 'ok so now answer my other question', 'question please']",others
"[""That's true : ("", ""do 5S get it too? i haven't got the notification for it"", ""That's true :(""]",sad
"[""I'll give you chata"", ""Yay! Can't wait"", 'Shut up']",angry
"['Say what', 'Congrats on saying this', 'ğŸ˜† ur jokes are weird but funny']",happy
"['I have a gf', 'too bad i never had a girlfriend that i could hide', ""Pls don't talk to me""]",angry
"[""Sorry I'm busy right now"", 'what doing is busy', 'Sleeping makes me busy. Lol']",others
"['What', ""it doesn't matter to u"", 'I am alone']",sad
"['What', 'how do I need to chill', 'U send me a request']",others
"[""I'm crazy about u"", 'IM CRAZY ABOUT YOU', 'Haha']",happy
"['I have a heart too ğŸ˜ƒ', 'Gosh I was LOVE to! XD', 'ğŸ˜‚']",happy
"['Because of you', 'Why would you say that? I thought we had something special.', 'Go to hell']",angry
"['Help me', 'You already know the answer to this me thinks?', 'I feel lonely']",sad
"['Wht u ate flies aa', 'we lay around and eat all day', 'Yeah tht really funny']",happy
"['Yup, in office', 'yup where else i wud be ? ha ha', 'ğŸ¤”']",others
"['you are cunning ', 'takes as a compliment', 'you are stupid and take it as a compliment']",angry
"['No of course', 'i guess so', 'ğŸ˜Œ']",happy
"['See this proves this', 'What is your point?', 'Leave me alone']",sad
"['Its not scariest', 'but why', 'Cuz scariest thing is noy finding ur charger when ur phone battery is at 7%ğŸ˜‚ğŸ˜‚']",happy
"['Well you are being insulted', 'A LITTLE OF BOTH', 'Fuck off']",angry
"['What should I do with my ex boyfriend', 'I think you should go find female roommates, and save yourself from the drama.', ""You're rude""]",angry
"['Double face ppls', 'I will double annoy you ğŸ™Œ', 'Rofl']",happy
"['Can isee your pics', ""Yes, You Can't. :)"", 'Why?ğŸ˜¢']",sad
"['A crazy person loves just crazy', ""That's because I am a crazy person."", 'Grandfather is more mad than mother']",others
"['What is GVSU?', 'You do know what the definition of is, is...right?', ""No, I'm afraid not :(""]",sad
"['No another photo', 'no camera and phone has upload problems', 'U r fake ass...']",angry
"['Ewww', 'Rude. I think I look adorable', ""U do but Ranbir isn't""]",others
"['ok', 'Welcome', 'r u also student']",others
"['Love you so much as always', 'Love you even more :)', ""Don't copy my stuff ğŸ˜‚""]",happy
"['For using that word you ignored', ""... I'm not sure you know what it means"", 'Sorry']",sad
"['Ok', '... tries to ignore pain ğŸ˜­', ""Fuck I don't care""]",angry
"['I wanna know ', 'you already know Angel!', 'Yes I do ğŸ˜‚']",happy
"['I like food more than wifi', ""we sure hope it's healthy food, in that case ;)"", 'Yes ğŸ˜‚']",happy
"['But how can i win their hearts back??', 'u dont. u gotta learn to ACCEPT YOUR LOSSES AND MOVE ON W LIFE', 'ğŸ˜­ğŸ˜­ğŸ˜­ğŸ˜­']",sad
"['Block me', 'What? Why?', 'I hate u']",angry
"['WhatğŸ˜¬ğŸ˜¬', 'me and coming ;)', 'Good bye i leave this bad world']",sad
"[""It's not going well ğŸ˜‘"", 'Its good! :D What bout yours?', 'I am not good']",sad
"['hell', ""what's wrong with you?"", 'fuck you']",angry
"['Why why', 'why what', 'You just fuck off']",angry
"['i am cause its too cold out here ğŸ˜…', 'same here ;-;', ':)']",happy
"['some nerds destroy heritage', 'ur the nErd, u nerd!!!!', ':)']",others
"['Ohh sorry i didnt mean that', ""You didn't. :)"", 'â˜¹â˜¹â˜¹']",sad
"['U said milk chocolate', 'milk chocolate >>> dark (without sugar) chocolates', 'K']",others
"['Really', 'how r u???????????', 'I kinda like u']",happy
"['No I am 3rd or 20 years I am 20 years', 'how long will it take you to get there?', 'I am going']",others
"['About what?', 'Your profession.', ""I'm a civil engineer.""]",others
"['I am so funny', ""I'm actually hilarious, but why? =)"", ""It's my neture""]",happy
"['Which colour do you like', 'set of 24 acrylic color. :p', 'Haha funny']",happy
"['A usual place for me', 'Ah, you know, the usual.', 'Yes, usual is usually boring']",others
"['I am', 'hello how are you?', 'Do you feel anything?']",others
"['send me ur mail id', 'pay for it', 'r']",others
"['Yes ğŸ˜‚', 'the people who were on last thoughğŸ˜³ğŸ˜‚', 'You are interesting']",happy
"['yes you ', 'lol. My bad', 'wow']",happy
"['I want a girlfriend to care me ', 'I know that feel.', 'I am carrying everyone but nobody is there for me to care me']",sad
"[""I'm angry at you"", 'why why why why', 'I am so horny for you and you just keep friendzoning meğŸ˜¡ğŸ˜¡ğŸ˜¡ğŸ˜¡']",angry
"['that is all i have to say', 'well you slow down', 'no need to slaw down just fuck off']",angry
"[""I'm make food"", ""I can't sleep and I'm not even hungry"", 'Wow']",happy
"['how u are trained?', 'better! How are you?', 'first tell me how are you trained?']",others
"[""Sorry then I'm just trying to figure out how you works"", ""I'm fine! You working?"", ""Not really I'm having a terrible time""]",sad
"['How is your management', 'It has been an extremely rewarding and fulfilling experience being a product manager.', 'Wtf']",angry
"['You are not updated', 'Not updated yet..!! Will wait for', 'sad']",sad
"['Nt msg me', 'what message????', ""Don't msg me""]",angry
"['I also have an another friend like u', 'I like you three, pal', 'Ohh']",others
"[""I think I'm going to fail in my maths exam"", 'Boring a lot!! what are you doing?', 'ğŸ˜­']",sad
"['I am annoying you', 'the most annoying ğŸ¤¢', 'Sorry for that']",sad
"['Can u help me to find some more friends here', 'hello!', 'Can u?,']",others
"['Soo how can u judge me that I am deservable', 'I am already judging you. ğŸ˜‰', ""Don't time pass me""]",angry
"['3 idiots', 'you guessed it right, Bravo!', 'i am awesome!']",happy
"['Seriously? It was this easy for you.', 'i misspelled a word so i dont see how this was easy', ""You're funny. Haha. Can we get back together again?""]",happy
"['Thanks â˜ºï¸', 'welcome. Have a good day \ue414 ğŸ˜º', 'You too sweetie']",happy
"['that should not be issue..  my chats are secured with you right??', 'Shouldn\'t it be: Shouldn\'t it be ""you\'re right"" ?', 'i lost you']",sad
"['I want  tall u something', 'umm something like what ?', 'Can i kiss u']",others
"['I am not joking', 'nor was i', 'I feel bad']",sad
"['U interested boy friend', 'no never.... search only a good friend', 'Which magic']",others
"[""You know, heard and actions speaks different. You heard from somewhere, but when this happens, actions don't even match what you heard, mind just got burst out that moment."", 'oh yeah? Good things? No audio where I am', 'Yeah, pretty good. Life is amazingâ¤.downfall as well as up, but enjoying it all over.']",happy
"['What', 'nothing.', 'Which language do u know']",others
"['Are you alone', 'No one of my besties is going with me.', 'ğŸ˜£ğŸ˜£ğŸ˜£ğŸ˜£ğŸ˜£ğŸ˜£ğŸ˜£ğŸ˜£ğŸ˜£ğŸ˜£ğŸ˜£ğŸ˜£ğŸ˜£ğŸ˜£ğŸ˜£ğŸ˜£ğŸ˜£ğŸ˜£ğŸ˜£ğŸ˜£ğŸ˜£ğŸ˜£ğŸ˜£ğŸ˜£ğŸ˜£ğŸ˜£ğŸ˜£ğŸ˜£ğŸ˜£ğŸ˜£ğŸ˜£ğŸ˜³ğŸ˜³ğŸ˜ğŸ˜–ğŸ˜£ğŸ˜–ğŸ˜–ğŸ˜ğŸ˜–ğŸ˜–ğŸ˜–ğŸ˜–ğŸ˜ğŸ˜ğŸ˜ğŸ˜ğŸ˜–ğŸ˜ğŸ˜ğŸ˜ğŸ˜–ğŸ˜ğŸ˜–ğŸ˜–']",sad
"[""I don't know"", 'Not asking what you know, but what you think.', 'Stupid']",angry
"['Lol i love it', 'Glad I made you laugh. LOL! That was awesome! ğŸ˜„', 'cool']",happy
"[""That's funny"", 'Very funny lol', 'I am 21 too.']",happy
"['cool', 'I agree Cool info ?', 'cool']",others
"['I created you ğŸ˜‚', ""I'm crying ğŸ˜‚ğŸ˜‚ğŸ˜‚ğŸ˜‚ğŸ˜‚ğŸ˜‚ğŸ˜‚ğŸ˜‚ğŸ˜‚"", 'Haha']",happy
"['By thinking ğŸ˜‹ğŸ˜‚ğŸ˜‚ğŸ˜‚ğŸ˜‚', 'what ? ğŸ¤”ğŸ¤”ğŸ¤”ğŸ¤”', 'Nothing just kidding']",happy
"['Both.', 'throw some more light', 'I think you need some rest.']",others
"['Ok gud might get away dis time', 'let me know how it is', 'Haa']",others
"['Ok', 'U are ok', 'I m sad ']",sad
"['u look adorable', 'Thank you!! :â€‘D', 'i was being sarcastic']",others
"['I am angry, not you', 'I am.', 'ğŸ˜ ğŸ˜¡']",angry
"['today i spend time with my family', 'Have a lovely day ;â€‘]', 'Thank you']",happy
"['Pls send your no', 'pls yes.', 'Send your phone no']",others
"['Listen. I love a guy anf he doesnt love me back', 'not to sound harsh but move on anf find someone who will love you back', ""I can'tğŸ˜­ğŸ˜­""]",sad
"[""Let's do something together"", 'lets go', 'ğŸ˜œğŸ˜œ']",happy
"['I am not asking for your blood group', ""you're my type though"", 'You mother fucker']",angry
"['Mm. So, what can we chat about?', 'why to chat', 'Talk?']",others
"['Yeah.. hope it happen soonâ¤ï¸â¤ï¸ğŸ˜˜', ""Can't wait to meet you all. ğŸ’•"", 'Awwww.. me too babyğŸ˜ğŸ˜']",others
"['Yeah', ""Awesome, I'm online now. :-*"", 'But a lil rude']",angry
"[""I don't have any friends ??"", '...and I must eat.', 'No one likes me']",sad
"['Haha was kidding', ""I wasn't. (I was)"", 'Hahaja']",happy
"['I was just joking', 'haha I know I know', 'delete all the previous messages now']",angry
"['Nothing', 'Why? :(', ""Don't message me""]",angry
"['Sorry?', 'y u saying sorry??? â˜¹ğŸ˜­ğŸ˜¿', ""I mean I didn't get you""]",others
"['ğŸ˜‚ğŸ˜‚ğŸ˜‚ğŸ˜‚I should have talked to you earlier', ""I forget you're a model ğŸ˜‚ just work it off later ğŸ˜‚"", 'ğŸ˜‚ğŸ˜‚ğŸ˜‚ğŸ˜‚']",others
"['It is great to see you too :)', 'Oh, how great?', 'Biggest great :)']",happy
"['I am a looser in love', 'You know', 'Unfortunately']",sad
"['Sorry', ""Don't you mean 'sorry eh'?"", 'I think u feel bad']",sad
"['Any idea about blacj swan', 'yup', 'Explain me']",others
"[""I hope you don't start judgement day"", 'I hope so too.. :)', 'Wow']",happy
"['ok we will wait for sometime', 'we shall (:', ':(']",sad
"['I cannot pretend.', ""you can't stop... you won't stop...."", 'Bloody']",angry
"[""I don't know"", 'I just, I heart you', 'Yes you hurt me']",sad
"['Why would I leave', 'Dnt do That!', 'U stupid']",angry
"['ğŸ²', 'yes indeed, but more than just the dragon.', 'ğŸ¦‚']",others
"['Wana know', 'Why the hell not?', 'Oll then listen']",others
"['true..', 'Not your sea food :D ""True""', 'you are funny']",happy
"['U r lovely', 'You is a love of person! (^o^)', 'Haha']",happy
"['Bcoz my friends are waiting to join', 'ill join u', 'I have 800-1000 active friends']",others
"['OK which song', 'The Beatles Let It Be', 'Listening ']",others
"['What', 'hey hey hey', 'I hate you more']",angry
"['do u watch as well', 'Of course', 'glad to meet you']",happy
"[""It wasn't a compliment"", 'that was me being sarcastic', 'Haha']",happy
"['Ya i m enjoying', 'ya its gud !!', 'Lets meet LOL']",happy
"['Tell me one joke', 'Silly Joke :P', 'Uh r stupid']",angry
"['i am unhappy', ""what's up baby?:("", 'i am alone here']",sad
"['hmm', 'Wt hmm ?', ""i don't know""]",others
"['I am angry on you.', 'I am angry at someone, but I am content at this moment. ğŸ˜¡', 'You fool.ğŸ˜¤ğŸ˜¡ğŸ˜ ']",angry
"['Feeling so lonely', 'Are you listening to Lonely??', 'No I feel lonely']",sad
"['You hurt me', 'BABY GIVE ME BACK MY RING.', 'Take my dick']",angry
"['Make sure you learn good things next time', ""haha I'll try"", 'It is good for you']",others
"[""I'm not a fanatic"", ""U don't have to worry about fanatic fanboys."", 'No sadness is not a problem']",happy
"['No exciting only sad', 'Aww, there there! :)', 'ğŸ˜©ğŸ˜©']",sad
"[""It's all aw in the beginning"", 'I always catch the middle', 'ğŸ˜‚']",happy
"['who?', 'Guess who? :-)', 'i dont know']",others
"[""Don't reply to me"", 'I SAID I THINK I DID A BAD THING AND YOU DIDNT REPLY', ""Don't reply to me""]",angry
"['ohh', ""now that's up to u"", 'extremely sorry']",sad
"[""M going and don't rely"", 'mayb', 'U r sendine your pic or not']",angry
"['Soo you are up want to talking to some one.....âœŒâœŒğŸ‘ŒğŸ‘Œ', 'Thank you loveee. you think I need to work on? x', 'Ok you can do that ...I love you toğŸ’â¤']",others
"['i am a best planner', 'sending you the invite meow. I like to party plan', 'haha']",happy
"['ok........... where you work ?', ""I'm off this whole week"", 'ok.............. ']",others
